BañosDesde,BañosHasta,BañosTooltip,Cantidad,CantidadImagenes,Comuna,DormitoriosDesde,DormitoriosHasta,DormitoriosTooltip,EsBienRaiz,EsCliente,EsDelCirculoCorredores,EsFavorita,EsFavorito,EsNueva,EsUltimaVenta,EsUsada,FechaPublicacion,Id,IdBienRaizResumenCoordenada,IdCoordenada,IdPropiedad,IdTipoMoneda,IdTipoOperacion,IdTipoOperacionFamilia,IdTipoOperacionPredominante,IdTipoPropiedadFamilia,Imagen,ImagenPrincipal,Latitud,Longitud,MensajeFotos,MetrajeTooltip,MetrosConstruidos,MetrosTerraza,MetrosTerreno,MetrosUtiles,OrdenProyecto,PrecioDesde,PrecioDespliegue,PrecioHasta,PrecioPesos,PrecioUF,RutaContenido,RutaLogo,RutaLogoResultado,SuperficieConstruidaDesde,SuperficieConstruidaHasta,SuperficieTerrazaDesde,SuperficieTerrazaHasta,SuperficieTerrenoDesde,SuperficieTerrenoHasta,SuperficieUtilDesde,SuperficieUtilHasta,Tiene360,TieneMultimedia,TienePropietario,TieneRolAsociado,TipoOperacion,Titulo,TituloToolTip,UrlFicha
2,2,2 Baños,1000000,22,Las Condes,4,4,4 Dormitorios,False,True,False,False,False,False,0,True,20180320,971805,0,-33.42195926:-70.53993802,971805,2,9,1,9,2,,https://d2p3q1dbvr28tq.cloudfront.net/fotos/20180320/971805/n_wm_actrvpropiedades_102003400_3400-102003400-160306_2.jpg,-33.42195926,-70.53993802,22 fotos,109 m^2 | 130 m^2,0,0,0,0,50,9090.0,UF 9.090,0.0,0,0,,2736/2015050840210279522.jpg,https://d2p3q1dbvr28tq.cloudfront.net/logos/corredora/2736/2015050840210279522.jpg,109.0,109.0,0.0,0.0,0.0,0.0,130.0,130.0,False,False,0,False,Venta,VISVIRI / ALONSO DE CAMARGO,VISVIRI / ALONSO DE CAMARGO,https://www.toctoc.com/propiedades/compracorredorasr/departamento/las-condes/visviri-alonso-de-camargo/971805
2,2,2 Baños,1000000,27,Las Condes,2,2,2 Dormitorios,False,True,True,False,False,False,0,True,20180416,989458,0,-33.42625258:-70.53963727,989458,1,9,1,9,2,,https://d2p3q1dbvr28tq.cloudfront.net/fotos/20180416/989458/n_wm_amp_102054069_102054069_9.jpg,-33.42625258,-70.53963727,27 fotos,60 m^2 | 70 m^2,0,0,0,0,50,152000000.0,$ 152.000.000,0.0,0,0,,1305/2017103028439948039.jpg,https://d2p3q1dbvr28tq.cloudfront.net/logos/corredora/1305/2017103028439948039.jpg,60.0,60.0,0.0,0.0,0.0,0.0,70.0,70.0,False,False,0,True,Venta,PORTAL LA REINA,PORTAL LA REINA,https://www.toctoc.com/propiedades/compracorredorasr/departamento/las-condes/portal-la-reina/989458
0,0,,1000000,8,Las Condes,0,0,,False,True,True,False,False,False,0,True,20180315,968838,0,-33.42424630:-70.53715590,968838,1,9,1,9,1,,https://d2p3q1dbvr28tq.cloudfront.net/fotos/20180315/968838/n_wm_106878cd-119e-490d-90a3-ff85382ef74f_20180315_101140.jpg,-33.4242463,-70.5371559,8 fotos,140 m^2 | 230 m^2,0,0,0,0,50,218000000.0,$ 218.000.000,0.0,0,0,,8229/2017011256114069869.jpg,https://d2p3q1dbvr28tq.cloudfront.net/logos/corredora/8229/2017011256114069869.jpg,140.0,140.0,0.0,0.0,230.0,230.0,140.0,140.0,False,False,0,True,Venta,140 m2 / 230 terreno en Tranquilo Barrio a pasos de Portal La Reina,140 m2 / 230 terreno en Tranqu...,https://www.toctoc.com/propiedades/compracorredorasr/casa/las-condes/140-m2-230-terreno-en-tranquilo-barrio-a-pasos-de-portal-la-reina/968838
3,3,3 Baños,1000000,42,Las Condes,4,4,4 Dormitorios,False,True,True,False,False,False,0,True,20171123,907613,0,-33.42077100:-70.53906660,907613,2,9,1,9,2,,https://d2p3q1dbvr28tq.cloudfront.net/fotos/20171123/907613/n_wm_vupr_propiedades_a3if1000000uuw5eag.jpg,-33.420771,-70.5390666,42 fotos,120 m^2 | 140 m^2,0,0,0,0,50,8600.0,UF 8.600,0.0,0,0,,1736/2016032157438919071.jpg,https://d2p3q1dbvr28tq.cloudfront.net/logos/corredora/1736/2016032157438919071.jpg,120.0,120.0,0.0,0.0,0.0,0.0,140.0,140.0,False,False,0,True,Venta,Los Domínicos,Los Domínicos,https://www.toctoc.com/propiedades/compracorredorasr/departamento/las-condes/los-dominicos/907613
3,3,3 Baños,1000000,25,Las Condes,4,4,4 Dormitorios,False,True,True,False,False,False,0,True,20180402,979840,0,-33.42071190:-70.53904920,979840,2,9,1,9,2,,https://d2p3q1dbvr28tq.cloudfront.net/fotos/20180402/979840/n_wm_add7bb42913-59cc-4761-961d-e4512b273ed6_102129598_129598-102129598-315005_3.jpg,-33.4207119,-70.5390492,25 fotos,130 m^2 | 136 m^2,0,0,0,0,50,8500.0,UF 8.500,0.0,0,0,,8204/2017112107374942085.jpg,https://d2p3q1dbvr28tq.cloudfront.net/logos/corredora/8204/2017112107374942085.jpg,130.0,130.0,0.0,0.0,0.0,0.0,136.0,136.0,False,False,0,True,Venta,Padre Hurtado Sur // Alonso de Camargo,Padre Hurtado Sur // Alonso de...,https://www.toctoc.com/propiedades/compracorredorasr/departamento/las-condes/padre-hurtado-sur-alonso-de-camargo/979840
3,3,3 Baños,1000000,29,Las Condes,4,4,4 Dormitorios,False,True,True,False,False,False,0,True,20180321,972505,0,-33.42015760:-70.53899240,972505,2,9,1,9,2,,https://d2p3q1dbvr28tq.cloudfront.net/fotos/20180321/972505/n_wm_vld_102053689_102053689_9.jpg,-33.4201576,-70.5389924,29 fotos,124 m^2 | 134 m^2,0,0,0,0,50,9490.0,UF 9.490,0.0,0,0,,2756/2015102628552174440.jpg,https://d2p3q1dbvr28tq.cloudfront.net/logos/corredora/2756/2015102628552174440.jpg,124.0,124.0,0.0,0.0,0.0,0.0,134.0,134.0,False,False,0,True,Venta,ALONSO DE CAMARGO,ALONSO DE CAMARGO,https://www.toctoc.com/propiedades/compracorredorasr/departamento/las-condes/alonso-de-camargo/972505
2,2,2 Baños,1000000,32,Las Condes,3,3,3 Dormitorios,False,True,True,False,False,False,0,True,20180324,975661,0,-33.42039871:-70.53790283,975661,2,9,1,9,2,,https://d2p3q1dbvr28tq.cloudfront.net/fotos/20180324/975661/n_wm_soledadvidal_1516866_15-16866-197052.jpg,-33.42039871,-70.53790283,32 fotos,130 m^2 | 138 m^2,0,0,0,0,50,9200.0,UF 9.200,0.0,0,0,,1383/2016112822510754529.jpg,https://d2p3q1dbvr28tq.cloudfront.net/logos/corredora/1383/2016112822510754529.jpg,130.0,130.0,0.0,0.0,0.0,0.0,138.0,138.0,False,False,0,False,Venta,Padre Hurtado / Alonso de Camargo / Colon,Padre Hurtado / Alonso de Cama...,https://www.toctoc.com/propiedades/compracorredorasr/departamento/las-condes/padre-hurtado-alonso-de-camargo-colon/975661
2,2,2 Baños,1000000,13,Las Condes,2,2,2 Dormitorios,False,True,True,False,False,False,0,True,20180314,968315,0,-33.42646920:-70.53901330,968315,2,9,1,9,2,,https://d2p3q1dbvr28tq.cloudfront.net/fotos/20180314/968315/n_wm_ca0e3c56-9f54-455c-89bc-0ad101f3595b_20180314_141346.jpg,-33.4264692,-70.5390133,13 fotos,66 m^2,0,0,0,0,50,5260.0,UF 5.260,0.0,0,0,,9059/2017040349326089100.jpg,https://d2p3q1dbvr28tq.cloudfront.net/logos/corredora/9059/2017040349326089100.jpg,66.0,66.0,0.0,0.0,0.0,0.0,66.0,66.0,False,False,0,True,Venta,Padre Hurtado Sur - Mall,Padre Hurtado Sur - Mall,https://www.toctoc.com/propiedades/compracorredorasr/departamento/las-condes/padre-hurtado-sur-mall/968315
2,2,2 Baños,1000000,8,Las Condes,3,3,3 Dormitorios,False,True,False,False,False,False,0,True,20180412,985999,0,-33.42646920:-70.53901330,985999,2,9,1,9,2,,https://d2p3q1dbvr28tq.cloudfront.net/fotos/20180412/985999/n_wm_75c8bec1-6bcc-4aa1-924d-ae321d025063_20180412_180310.jpg,-33.4264692,-70.5390133,8 fotos,77 m^2,0,0,0,0,50,5750.0,UF 5.750,0.0,0,0,,13344/2018031907179148859.jpg,https://d2p3q1dbvr28tq.cloudfront.net/logos/corredora/13344/2018031907179148859.jpg,77.0,77.0,0.0,0.0,0.0,0.0,0.0,0.0,False,False,0,True,Venta,Depto Venta Padre Hurtado,Depto Venta Padre Hurtado,https://www.toctoc.com/propiedades/compracorredorasr/departamento/las-condes/depto-venta-padre-hurtado/985999
2,2,2 Baños,1000000,40,Las Condes,3,3,3 Dormitorios,False,True,False,False,False,False,0,True,20180228,959902,0,-33.42383110:-70.53993260,959902,2,9,1,9,2,,https://d2p3q1dbvr28tq.cloudfront.net/fotos/20180228/959902/n_wm_actrvpropiedades_102003357_3357-102003357-159306_39.jpg,-33.4238311,-70.5399326,40 fotos,105 m^2 | 110 m^2,0,0,0,0,50,7500.0,UF 7.500,0.0,0,0,,2736/2015050840210279522.jpg,https://d2p3q1dbvr28tq.cloudfront.net/logos/corredora/2736/2015050840210279522.jpg,105.0,105.0,0.0,0.0,0.0,0.0,110.0,110.0,False,False,0,False,Venta,Visviri / Alejandro Fleming,Visviri / Alejandro Fleming,https://www.toctoc.com/propiedades/compracorredorasr/departamento/las-condes/visviri-alejandro-fleming/959902
3,3,3 Baños,1000000,37,Las Condes,4,4,4 Dormitorios,False,True,True,False,False,False,0,True,20180314,968067,0,-33.42071190:-70.53904920,968067,2,9,1,9,2,,https://d2p3q1dbvr28tq.cloudfront.net/fotos/20180314/968067/n_wm_cys_102053601_102053601_9.jpg,-33.4207119,-70.5390492,37 fotos,112 m^2 | 127 m^2,0,0,0,0,50,7800.0,UF 7.800,0.0,0,0,,6255/2016051113061503530.jpg,https://d2p3q1dbvr28tq.cloudfront.net/logos/corredora/6255/2016051113061503530.jpg,112.0,112.0,0.0,0.0,0.0,0.0,127.0,127.0,False,False,0,True,Venta,ALONSO DE CAMARGO / VIVIRRI,ALONSO DE CAMARGO / VIVIRRI,https://www.toctoc.com/propiedades/compracorredorasr/departamento/las-condes/alonso-de-camargo-vivirri/968067
2,2,2 Baños,1000000,22,Las Condes,3,3,3 Dormitorios,False,True,True,False,False,False,0,True,20180423,995566,0,-33.42574926:-70.53834051,995566,1,9,1,9,2,,https://d2p3q1dbvr28tq.cloudfront.net/fotos/20180423/995566/n_wm_flr_flr1193_e0e7c9e3-56b7-4d35-b5d6-1e3d8a894e2b.jpg,-33.42574926,-70.53834051,22 fotos,75 m^2 | 80 m^2,0,0,0,0,50,175000000.0,$ 175.000.000,0.0,0,0,,1282/2016050418337902589.jpg,https://d2p3q1dbvr28tq.cloudfront.net/logos/corredora/1282/2016050418337902589.jpg,75.0,75.0,0.0,0.0,0.0,0.0,80.0,80.0,False,False,0,False,Venta,Portal La Reina-Ciudad Deportiva - BILBAO-FLEMING,Portal La Reina-Ciudad Deporti...,https://www.toctoc.com/propiedades/compracorredorasr/departamento/las-condes/portal-la-reina-ciudad-deportiva-bilbao-fleming/995566
3,3,3 Baños,1000000,16,Las Condes,3,3,3 Dormitorios,False,True,True,False,False,False,0,True,20180418,990303,0,-33.42356399:-70.53996385,990303,1,9,1,9,2,,https://d2p3q1dbvr28tq.cloudfront.net/fotos/20180418/990303/n_wm_flr_flr1189_ff507a61-b468-46b6-ba64-7af22c838fb5.jpg,-33.42356399,-70.53996385,16 fotos,106 m^2 | 125 m^2,0,0,0,0,50,192000000.0,$ 192.000.000,0.0,0,0,,1282/2016050418337902589.jpg,https://d2p3q1dbvr28tq.cloudfront.net/logos/corredora/1282/2016050418337902589.jpg,106.0,106.0,0.0,0.0,0.0,0.0,125.0,125.0,False,False,0,False,Venta,Portal La Reina-Ciudad Deportiva - Mall Los Domini,Portal La Reina-Ciudad Deporti...,https://www.toctoc.com/propiedades/compracorredorasr/departamento/las-condes/portal-la-reina-ciudad-deportiva-mall-los-domini/990303
2,2,2 Baños,1000000,10,Las Condes,3,3,3 Dormitorios,False,True,False,False,False,False,0,True,20180404,981474,0,-33.42113880:-70.53974050,981474,2,9,1,9,2,,https://d2p3q1dbvr28tq.cloudfront.net/fotos/20180404/981474/n_wm_9fdf8906-0e99-4e8c-a9a3-8bd7b98653fe_20180404_140119.jpg,-33.4211388,-70.5397405,10 fotos,77 m^2,0,0,0,0,50,6200.0,UF 6.200,0.0,0,0,,13344/2018031907179148859.jpg,https://d2p3q1dbvr28tq.cloudfront.net/logos/corredora/13344/2018031907179148859.jpg,77.0,77.0,0.0,0.0,0.0,0.0,0.0,0.0,False,False,0,True,Venta,DEPTO LAS CONDES CORDILLERA,DEPTO LAS CONDES CORDILLERA,https://www.toctoc.com/propiedades/compracorredorasr/departamento/las-condes/depto-las-condes-cordillera/981474
3,3,3 Baños,1000000,24,Lo Barnechea,3,3,3 Dormitorios,False,True,True,False,False,False,0,True,20180412,986137,0,-33.35352069:-70.47972212,986137,2,9,1,9,1,,https://d2p3q1dbvr28tq.cloudfront.net/fotos/20180412/986137/n_wm_procasa_propiedades_76265833_30846_9.jpg,-33.35352069,-70.47972212,24 fotos,240 m^2 | 730 m^2,0,0,0,0,50,22000.0,UF 22.000,0.0,0,0,,2703/2015031757349607255.jpg,https://d2p3q1dbvr28tq.cloudfront.net/logos/corredora/2703/2015031757349607255.jpg,240.0,240.0,0.0,0.0,730.0,730.0,0.0,0.0,False,False,0,True,Venta,El Arrayan / Camino el Refugio del Arrayán/Camino El Cerro,El Arrayan / Camino el Refugio...,https://www.toctoc.com/propiedades/compracorredorasr/casa/lo-barnechea/el-arrayan-camino-el-refugio-del-arrayan-camino-el-cerro/986137
3,3,3 Baños,1000000,28,Lo Barnechea,3,3,3 Dormitorios,False,True,True,False,False,False,0,True,20180412,986138,0,-33.35352069:-70.47972212,986138,2,9,1,9,1,,https://d2p3q1dbvr28tq.cloudfront.net/fotos/20180412/986138/n_wm_procasa_propiedades_76265833_30856_9.jpg,-33.35352069,-70.47972212,28 fotos,240 m^2 | 591 m^2,0,0,0,0,50,21000.0,UF 21.000,0.0,0,0,,2703/2015031757349607255.jpg,https://d2p3q1dbvr28tq.cloudfront.net/logos/corredora/2703/2015031757349607255.jpg,240.0,240.0,0.0,0.0,591.0,591.0,0.0,0.0,False,False,0,True,Venta,Camino el Refugio del Arrayán/Camino El Cerro,Camino el Refugio del Arrayán/...,https://www.toctoc.com/propiedades/compracorredorasr/casa/lo-barnechea/camino-el-refugio-del-arrayan-camino-el-cerro/986138
3,3,3 Baños,1000000,26,Lo Barnechea,3,3,3 Dormitorios,False,True,True,False,False,False,0,True,20180406,983691,0,-33.35352069:-70.47972212,983691,2,9,1,9,1,,https://d2p3q1dbvr28tq.cloudfront.net/fotos/20180406/983691/n_wm_procasa_propiedades_76265833_30848_9.jpg,-33.35352069,-70.47972212,26 fotos,240 m^2 | 689 m^2,0,0,0,0,50,21000.0,UF 21.000,0.0,0,0,,2703/2015031757349607255.jpg,https://d2p3q1dbvr28tq.cloudfront.net/logos/corredora/2703/2015031757349607255.jpg,240.0,240.0,0.0,0.0,689.0,689.0,0.0,0.0,False,False,0,False,Venta,Camino el Refugio del Arrayán/Camino El Cerro,Camino el Refugio del Arrayán/...,https://www.toctoc.com/propiedades/compracorredorasr/casa/lo-barnechea/camino-el-refugio-del-arrayan-camino-el-cerro/983691
4,4,4 Baños,1000000,37,Lo Barnechea,4,4,4 Dormitorios,False,True,False,False,False,False,0,True,20171225,927169,0,-33.35322239:-70.47997646,927169,2,9,1,9,1,,https://d2p3q1dbvr28tq.cloudfront.net/fotos/20171225/927169/n_wm_mimica_propiedades_101129526_129526-101129526-316064_10.jpg,-33.35322239,-70.47997646,37 fotos,238 m^2 | 437 m^2,0,0,0,0,50,20500.0,UF 20.500,0.0,0,0,,2687/2014090346581414151.jpg,https://d2p3q1dbvr28tq.cloudfront.net/logos/corredora/2687/2014090346581414151.jpg,238.0,238.0,0.0,0.0,437.0,437.0,0.0,0.0,False,False,0,False,Venta,"Exclusivo Condominio con 9 casas disponibles, desde uf 18.500 a uf 22.000. Vista natural única, cercano a la Plaza San Enrique y Costanera Norte en Lo",Exclusivo Condominio con 9 cas...,https://www.toctoc.com/propiedades/compracorredorasr/casa/lo-barnechea/exclusivo-condominio-con-9-casas-disponibles-desde-uf-18-500-a-uf-22-000-vista-natural-unica-cercano/927169
3,3,3 Baños,1000000,29,Lo Barnechea,3,3,3 Dormitorios,False,True,True,False,False,False,0,True,20180406,983692,0,-33.35344003:-70.47984014,983692,2,9,1,9,1,,https://d2p3q1dbvr28tq.cloudfront.net/fotos/20180406/983692/n_wm_procasa_propiedades_76265833_30858_9.jpg,-33.35344003,-70.47984014,29 fotos,240 m^2 | 751 m^2,0,0,0,0,50,22000.0,UF 22.000,0.0,0,0,,2703/2015031757349607255.jpg,https://d2p3q1dbvr28tq.cloudfront.net/logos/corredora/2703/2015031757349607255.jpg,240.0,240.0,0.0,0.0,751.0,751.0,0.0,0.0,False,False,0,True,Venta,Camino el Refugio del Arrayán/Camino El Cerro,Camino el Refugio del Arrayán/...,https://www.toctoc.com/propiedades/compracorredorasr/casa/lo-barnechea/camino-el-refugio-del-arrayan-camino-el-cerro/983692
3,3,3 Baños,1000000,26,Lo Barnechea,3,3,3 Dormitorios,False,True,True,False,False,False,0,True,20180406,983693,0,-33.35346692:-70.47995815,983693,2,9,1,9,1,,https://d2p3q1dbvr28tq.cloudfront.net/fotos/20180406/983693/n_wm_procasa_propiedades_76265833_30859_9.jpg,-33.35346692,-70.47995815,26 fotos,240 m^2 | 488 m^2,0,0,0,0,50,19500.0,UF 19.500,0.0,0,0,,2703/2015031757349607255.jpg,https://d2p3q1dbvr28tq.cloudfront.net/logos/corredora/2703/2015031757349607255.jpg,240.0,240.0,0.0,0.0,488.0,488.0,0.0,0.0,False,False,0,True,Venta,Camino el Refugio del Arrayán/Camino El Cerro,Camino el Refugio del Arrayán/...,https://www.toctoc.com/propiedades/compracorredorasr/casa/lo-barnechea/camino-el-refugio-del-arrayan-camino-el-cerro/983693
4,4,4 Baños,1000000,45,Lo Barnechea,6,6,6 Dormitorios,False,True,False,False,False,False,0,True,20171204,917024,0,-33.35300560:-70.47593550,917024,2,9,1,9,1,,https://d2p3q1dbvr28tq.cloudfront.net/fotos/20171204/917024/n_wm_remaxhome_101160986_160986-101160986-152171_30.jpg,-33.3530056,-70.4759355,45 fotos,377 m^2 | 2.200 m^2,0,0,0,0,50,25000.0,UF 25.000,0.0,0,0,,6238/2017092653033031360.jpg,https://d2p3q1dbvr28tq.cloudfront.net/logos/corredora/6238/2017092653033031360.jpg,377.0,377.0,0.0,0.0,2200.0,2200.0,0.0,0.0,False,False,0,False,Venta,Las Acacias con Camino El Cajon,Las Acacias con Camino El Cajo...,https://www.toctoc.com/propiedades/compracorredorasr/casa/lo-barnechea/las-acacias-con-camino-el-cajon/917024
3,3,3 Baños,1000000,29,Lo Barnechea,3,3,3 Dormitorios,False,True,True,False,False,False,0,True,20180402,979764,0,-33.35312801:-70.47913561,979764,2,9,1,9,1,,https://d2p3q1dbvr28tq.cloudfront.net/fotos/20180402/979764/n_wm_procasa_propiedades_76265833_30757_9.jpg,-33.35312801,-70.47913561,29 fotos,240 m^2 | 475 m^2,0,0,0,0,50,17500.0,UF 17.500,0.0,0,0,,2703/2015031757349607255.jpg,https://d2p3q1dbvr28tq.cloudfront.net/logos/corredora/2703/2015031757349607255.jpg,240.0,240.0,0.0,0.0,475.0,475.0,0.0,0.0,False,False,0,True,Venta,Camino el Refugio del Arrayán/Camino El Cerro,Camino el Refugio del Arrayán/...,https://www.toctoc.com/propiedades/compracorredorasr/casa/lo-barnechea/camino-el-refugio-del-arrayan-camino-el-cerro/979764
3,3,3 Baños,1000000,26,Lo Barnechea,3,3,3 Dormitorios,False,True,True,False,False,False,0,True,20180412,986139,0,-33.35349380:-70.47992597,986139,2,9,1,9,1,,https://d2p3q1dbvr28tq.cloudfront.net/fotos/20180412/986139/n_wm_procasa_propiedades_76265833_30860_9.jpg,-33.3534938,-70.47992597,26 fotos,240 m^2 | 675 m^2,0,0,0,0,50,21000.0,UF 21.000,0.0,0,0,,2703/2015031757349607255.jpg,https://d2p3q1dbvr28tq.cloudfront.net/logos/corredora/2703/2015031757349607255.jpg,240.0,240.0,0.0,0.0,675.0,675.0,0.0,0.0,False,False,0,True,Venta,El Arrayan / Camino el Refugio del Arrayán/Camino El Cerro,El Arrayan / Camino el Refugio...,https://www.toctoc.com/propiedades/compracorredorasr/casa/lo-barnechea/el-arrayan-camino-el-refugio-del-arrayan-camino-el-cerro/986139
3,3,3 Baños,1000000,26,Lo Barnechea,3,3,3 Dormitorios,False,True,True,False,False,False,0,True,20180409,984376,0,-33.35343107:-70.47988305,984376,2,9,1,9,1,,https://d2p3q1dbvr28tq.cloudfront.net/fotos/20180409/984376/n_wm_procasa_propiedades_76265833_30857_9.jpg,-33.35343107,-70.47988305,26 fotos,240 m^2 | 437 m^2,0,0,0,0,50,20500.0,UF 20.500,0.0,0,0,,2703/2015031757349607255.jpg,https://d2p3q1dbvr28tq.cloudfront.net/logos/corredora/2703/2015031757349607255.jpg,240.0,240.0,0.0,0.0,437.0,437.0,0.0,0.0,False,False,0,False,Venta,Camino el Refugio del Arrayán/Camino El Cerro,Camino el Refugio del Arrayán/...,https://www.toctoc.com/propiedades/compracorredorasr/casa/lo-barnechea/camino-el-refugio-del-arrayan-camino-el-cerro/984376
0,0,,1000000,25,Lo Barnechea,0,0,,False,True,False,False,False,False,0,True,20180320,971729,0,-33.32156270:-70.55136830,971729,2,9,1,9,1,,https://d2p3q1dbvr28tq.cloudfront.net/fotos/20180320/971729/n_wm_d0f51165-5136-4bb6-ae20-692a68a21f99_20180320_130220.jpg,-33.3215627,-70.5513683,25 fotos,327 m^2 | 838 m^2,0,0,0,0,50,25900.0,UF 25.900,0.0,0,0,,7631/2016110216143103821.jpg,https://d2p3q1dbvr28tq.cloudfront.net/logos/corredora/7631/2016110216143103821.jpg,327.0,327.0,0.0,0.0,838.0,838.0,0.0,0.0,False,False,0,True,Venta,Venta casa Santuario del Valle / Lo Barnechea,Venta casa Santuario del Valle...,https://www.toctoc.com/propiedades/compracorredorasr/casa/lo-barnechea/venta-casa-santuario-del-valle-lo-barnechea/971729
4,4,4 Baños,1000000,15,Lo Barnechea,4,4,4 Dormitorios,False,True,True,False,False,False,0,True,20180404,981448,0,-33.32516960:-70.55108790,981448,2,9,1,9,1,,https://d2p3q1dbvr28tq.cloudfront.net/fotos/20180404/981448/n_wm_cb3c58d6-3508-4251-8939-b57e2d06950f_20180404_120039.jpg,-33.3251696,-70.5510879,15 fotos,200 m^2 | 900 m^2,0,0,0,0,50,21500.0,UF 21.500,0.0,0,0,,6303/2016061740318305856.jpg,https://d2p3q1dbvr28tq.cloudfront.net/logos/corredora/6303/2016061740318305856.jpg,200.0,200.0,0.0,0.0,900.0,900.0,0.0,0.0,False,False,0,False,Venta,Camino Real,Camino Real,https://www.toctoc.com/propiedades/compracorredorasr/casa/lo-barnechea/camino-real/981448
4,4,4 Baños,1000000,41,Lo Barnechea,5,5,5 Dormitorios,False,True,False,False,False,False,0,True,20180408,984170,0,-33.32155630:-70.55578620,984170,2,9,1,9,1,,https://d2p3q1dbvr28tq.cloudfront.net/fotos/20180408/984170/n_wm_d4aacd08-9abb-4188-984c-f386aeda9e1e_20180408_221251.jpg,-33.3215563,-70.5557862,41 fotos,284 m^2 | 1.100 m^2,0,0,0,0,50,26000.0,UF 26.000,0.0,0,0,,7631/2016110216143103821.jpg,https://d2p3q1dbvr28tq.cloudfront.net/logos/corredora/7631/2016110216143103821.jpg,284.0,284.0,0.0,0.0,1100.0,1100.0,284.0,284.0,False,False,0,True,Venta,Venta casa La Huala / Lo Barnechea,Venta casa La Huala / Lo Barne...,https://www.toctoc.com/propiedades/compracorredorasr/casa/lo-barnechea/venta-casa-la-huala-lo-barnechea/984170
3,3,3 Baños,1000000,22,Lo Barnechea,3,3,3 Dormitorios,False,True,True,False,False,False,0,True,20180311,966748,0,-33.32355600:-70.55778600,966748,2,9,1,9,1,,https://d2p3q1dbvr28tq.cloudfront.net/fotos/20180311/966748/n_wm_berriosyzegers_propiedades_101030493_30493-101030493-860463_10.jpg,-33.323556,-70.557786,22 fotos,180 m^2 | 600 m^2,0,0,0,0,50,25000.0,UF 25.000,0.0,0,0,,1599/2015110457515329922.jpg,https://d2p3q1dbvr28tq.cloudfront.net/logos/corredora/1599/2015110457515329922.jpg,180.0,180.0,0.0,0.0,600.0,600.0,0.0,0.0,False,False,0,False,Venta,Lo Barnechea,Lo Barnechea,https://www.toctoc.com/propiedades/compracorredorasr/casa/lo-barnechea/lo-barnechea/966748
4,4,4 Baños,1000000,36,Lo Barnechea,4,4,4 Dormitorios,False,True,True,False,False,False,0,True,20180226,959021,0,-33.32096632:-70.55917854,959021,2,9,1,9,1,,https://d2p3q1dbvr28tq.cloudfront.net/fotos/20180226/959021/n_wm_propertypartners_327876747977_609166-9352649-eb-bh9166.jpeg,-33.32096632,-70.55917854,36 fotos,260 m^2 | 940 m^2,0,0,0,0,50,20800.0,UF 20.800,0.0,0,0,,8209/2017040708041031356.jpg,https://d2p3q1dbvr28tq.cloudfront.net/logos/corredora/8209/2017040708041031356.jpg,260.0,260.0,0.0,0.0,940.0,940.0,0.0,0.0,False,False,0,False,Venta,Los Bravos,Los Bravos,https://www.toctoc.com/propiedades/compracorredorasr/casa/lo-barnechea/los-bravos/959021
5,5,5 Baños,1000000,30,Lo Barnechea,4,4,4 Dormitorios,False,True,True,False,False,False,0,True,20180415,988839,0,-33.32421510:-70.55271350,988839,2,9,1,9,1,,https://d2p3q1dbvr28tq.cloudfront.net/fotos/20180415/988839/n_wm_vie_101054065_101054065_9.jpg,-33.3242151,-70.5527135,30 fotos,400 m^2 | 838 m^2,0,0,0,0,50,32800.0,UF 32.800,0.0,0,0,,1312/VIEL LA DEHESA.jpg,https://d2p3q1dbvr28tq.cloudfront.net/logos/corredora/1312/viel la dehesa.jpg,400.0,400.0,0.0,0.0,838.0,838.0,0.0,0.0,False,False,0,True,Venta,CONDOMINIO / COLEGIO EVEREST - MONTE TABOR,CONDOMINIO / COLEGIO EVEREST -...,https://www.toctoc.com/propiedades/compracorredorasr/casa/lo-barnechea/condominio-colegio-everest-monte-tabor/988839
2,2,2 Baños,1000000,11,Providencia,3,3,3 Dormitorios,False,True,True,False,False,False,0,True,20171206,917670,0,-33.43104110:-70.60128560,917670,2,9,1,9,2,,https://d2p3q1dbvr28tq.cloudfront.net/fotos/20171206/917670/n_wm_3e2c8c23-ffd3-4680-8130-a492d42acf60_img_20171130_112945-4622 (2).jpg,-33.4310411,-70.6012856,11 fotos,1 m^2 | 100 m^2,0,0,0,0,50,8000.0,UF 8.000,0.0,0,0,,1404/Larruy.jpg,https://d2p3q1dbvr28tq.cloudfront.net/logos/corredora/1404/larruy.jpg,1.0,1.0,0.0,0.0,1.0,1.0,100.0,100.0,False,False,0,True,Venta,Llewellyn Jones/Eleodoro Yañez,Llewellyn Jones/Eleodoro Yañez,https://www.toctoc.com/propiedades/compracorredorasr/departamento/providencia/llewellyn-jones-eleodoro-yanez/917670
0,0,,1000000,15,Providencia,3,3,3 Dormitorios,False,True,False,False,False,False,0,True,20180417,989486,0,-33.43028680:-70.60899270,989486,1,9,1,9,2,,https://d2p3q1dbvr28tq.cloudfront.net/fotos/20180417/989486/n_wm_abecde29-24c3-44a1-8ef1-150cd800a98b_20180417_081313.jpg,-33.4302868,-70.6089927,15 fotos,122 m^2 | 127 m^2,0,0,0,0,50,275000000.0,$ 275.000.000,0.0,0,0,,8444/2017021659271140198.jpg,https://d2p3q1dbvr28tq.cloudfront.net/logos/corredora/8444/2017021659271140198.jpg,122.0,122.0,0.0,0.0,127.0,127.0,122.0,122.0,False,False,0,True,Venta,En venta amplio y luminoso departamento en Providencia.,En venta amplio y luminoso dep...,https://www.toctoc.com/propiedades/compracorredorasr/departamento/providencia/en-venta-amplio-y-luminoso-departamento-en-providencia/989486
3,3,3 Baños,1000000,20,Providencia,3,3,3 Dormitorios,False,True,False,False,False,False,0,True,20180420,991803,0,-33.43382420:-70.60350320,991803,1,9,1,9,2,,https://d2p3q1dbvr28tq.cloudfront.net/fotos/20180420/991803/n_wm_avsa_propiedades_512998_11361_20180105131928_recibos---small---2-.jpg,-33.4338242,-70.6035032,20 fotos,90 m^2,0,0,0,0,50,158000000.0,$ 158.000.000,0.0,0,0,,13733/2018041202170614884.jpg,https://d2p3q1dbvr28tq.cloudfront.net/logos/corredora/13733/2018041202170614884.jpg,90.0,90.0,0.0,0.0,0.0,0.0,90.0,90.0,False,False,0,True,Venta,Suecia/ Pocuro,Suecia/ Pocuro,https://www.toctoc.com/propiedades/compracorredorasr/departamento/providencia/suecia-pocuro/991803
2,2,2 Baños,1000000,22,Providencia,3,3,3 Dormitorios,False,True,True,False,False,False,0,True,20180427,999736,0,-33.43207050:-70.60566030,999736,1,9,1,9,2,,https://d2p3q1dbvr28tq.cloudfront.net/fotos/20180427/999736/n_wm_oss_102052529_102052529_9.jpg,-33.4320705,-70.6056603,22 fotos,130 m^2 | 150 m^2,0,0,0,0,50,235000000.0,$ 235.000.000,0.0,0,0,,1307/2016062126012099149.jpg,https://d2p3q1dbvr28tq.cloudfront.net/logos/corredora/1307/2016062126012099149.jpg,130.0,130.0,0.0,0.0,0.0,0.0,150.0,150.0,False,False,0,True,Venta,LYON / ELEODORO YAÑEZ,LYON / ELEODORO YAÑEZ,https://www.toctoc.com/propiedades/compracorredorasr/departamento/providencia/lyon-eleodoro-yanez/999736
2,2,2 Baños,1000000,8,Providencia,3,3,3 Dormitorios,False,True,True,False,False,False,0,True,20180228,960137,0,-33.43595116:-70.60369330,960137,2,9,1,9,2,,https://d2p3q1dbvr28tq.cloudfront.net/fotos/20180228/960137/n_wm_0425f427-bc9c-4afe-8789-1174d445140f_20180228_232545.jpg,-33.43595116,-70.6036933,8 fotos,73 m^2,0,0,0,0,50,7500.0,UF 7.500,0.0,0,0,,1479/2015010629460153145.jpg,https://d2p3q1dbvr28tq.cloudfront.net/logos/corredora/1479/2015010629460153145.jpg,73.0,73.0,0.0,0.0,0.0,0.0,0.0,0.0,False,False,0,True,Venta,SE VENDE DPTO-Sector Ricardo Lyon/Pocuro - Providencia,SE VENDE DPTO-Sector Ricardo L...,https://www.toctoc.com/propiedades/compracorredorasr/departamento/providencia/se-vende-dpto-sector-ricardo-lyon-pocuro-providencia/960137
3,3,3 Baños,1000000,20,Providencia,3,3,3 Dormitorios,False,True,True,False,False,False,0,True,20171125,909510,0,-33.43161000:-70.60502000,909510,1,9,1,9,2,,https://d2p3q1dbvr28tq.cloudfront.net/fotos/20171125/909510/n_wm_nieny_propiedades_40018199_193294.jpg,-33.43161,-70.60502,20 fotos,100 m^2 | 120 m^2,0,0,0,0,50,208000000.0,$ 208.000.000,0.0,0,0,,1605/2017061240363726179.jpg,https://d2p3q1dbvr28tq.cloudfront.net/logos/corredora/1605/2017061240363726179.jpg,100.0,100.0,0.0,0.0,0.0,0.0,120.0,120.0,False,False,0,True,Venta,Lyon / Dario Urzua,Lyon / Dario Urzua,https://www.toctoc.com/propiedades/compracorredorasr/departamento/providencia/lyon-dario-urzua/909510
2,2,2 Baños,1000000,30,Providencia,2,2,2 Dormitorios,False,True,False,False,False,False,0,True,20180420,991812,0,-33.43242660:-70.60176280,991812,1,9,1,9,2,,https://d2p3q1dbvr28tq.cloudfront.net/fotos/20180420/991812/n_wm_avsa_propiedades_7474_11515_20180226161624_terraza--small-.jpg,-33.4324266,-70.6017628,30 fotos,68 m^2 | 70 m^2,0,0,0,0,50,158000000.0,$ 158.000.000,0.0,0,0,,13733/2018041202170614884.jpg,https://d2p3q1dbvr28tq.cloudfront.net/logos/corredora/13733/2018041202170614884.jpg,68.0,68.0,0.0,0.0,0.0,0.0,70.0,70.0,False,False,0,True,Venta,El Vergel/ Llewellyn Jones,El Vergel/ Llewellyn Jones,https://www.toctoc.com/propiedades/compracorredorasr/departamento/providencia/el-vergel-llewellyn-jones/991812
3,3,3 Baños,1000000,16,Providencia,4,4,4 Dormitorios,False,True,False,False,False,False,0,True,20180408,984169,0,-33.43066340:-70.60241010,984169,2,9,1,9,2,,https://d2p3q1dbvr28tq.cloudfront.net/fotos/20180408/984169/n_wm_5e4c47b3-dece-4ce3-9246-7fd347ec137e_20180427_090127.jpg,-33.4306634,-70.6024101,16 fotos,112 m^2,0,0,0,0,50,7590.0,UF 7.590,0.0,0,0,,10658/201709081727.jpg,https://d2p3q1dbvr28tq.cloudfront.net/logos/corredora/10658/201709081727.jpg,0.0,0.0,0.0,0.0,112.0,112.0,112.0,112.0,False,False,0,True,Venta,"Excelente distribución, luminoso, 4 dormitorios, 2 estacionamientos, amplia terraza","Excelente distribución, lumino...",https://www.toctoc.com/propiedades/compracorredorasr/departamento/providencia/excelente-distribucion-luminoso-4-dormitorios-2-estacionamientos-amplia-terraza/984169
3,3,3 Baños,1000000,27,Providencia,3,3,3 Dormitorios,False,True,False,False,False,False,0,True,20180426,998797,0,-33.43539037:-70.60612865,998797,2,9,1,9,2,,https://d2p3q1dbvr28tq.cloudfront.net/fotos/20180426/998797/n_wm_actrvpropiedades_102003446_3446-102003446-161487_27.jpg,-33.43539037,-70.60612865,27 fotos,119 m^2 | 129 m^2,0,0,0,0,50,11000.0,UF 11.000,0.0,0,0,,2736/2015050840210279522.jpg,https://d2p3q1dbvr28tq.cloudfront.net/logos/corredora/2736/2015050840210279522.jpg,119.0,119.0,0.0,0.0,0.0,0.0,129.0,129.0,False,False,0,False,Venta,RICARDO LYON - AUSTRIA,RICARDO LYON - AUSTRIA,https://www.toctoc.com/propiedades/compracorredorasr/departamento/providencia/ricardo-lyon-austria/998797
2,2,2 Baños,1000000,20,Providencia,3,3,3 Dormitorios,False,True,True,False,False,False,0,True,20180420,992588,0,-33.43539318:-70.60731902,992588,2,9,1,9,2,,https://d2p3q1dbvr28tq.cloudfront.net/fotos/20180420/992588/n_wm_feg_feg2470_f8089805-c486-4124-978e-db7ba5223d2a.jpg,-33.43539318,-70.60731902,20 fotos,120 m^2 | 130 m^2,0,0,0,0,50,10980.0,UF 10.980,0.0,0,0,,1293/2016050416063021083.jpg,https://d2p3q1dbvr28tq.cloudfront.net/logos/corredora/1293/2016050416063021083.jpg,120.0,120.0,0.0,0.0,0.0,0.0,130.0,130.0,False,False,0,False,Venta,Metro Inés de Suárez - Pedro de Valdivia,Metro Inés de Suárez - Pedro d...,https://www.toctoc.com/propiedades/compracorredorasr/departamento/providencia/metro-ines-de-suarez-pedro-de-valdivia/992588
3,3,3 Baños,1000000,19,Providencia,3,3,3 Dormitorios,False,True,True,False,False,False,0,True,20180425,998628,0,-33.43915010:-70.60352680,998628,2,9,1,9,2,,https://d2p3q1dbvr28tq.cloudfront.net/fotos/20180425/998628/n_wm_viv_102054180_102054180_9.jpg,-33.4391501,-70.6035268,19 fotos,96 m^2 | 110 m^2,0,0,0,0,50,7850.0,UF 7.850,0.0,0,0,,1311/2016040653111769563.jpg,https://d2p3q1dbvr28tq.cloudfront.net/logos/corredora/1311/2016040653111769563.jpg,96.0,96.0,0.0,0.0,0.0,0.0,110.0,110.0,False,False,0,True,Venta,Lyon/ Bilbao,Lyon/ Bilbao,https://www.toctoc.com/propiedades/compracorredorasr/departamento/providencia/lyon-bilbao/998628
2,2,2 Baños,1000000,20,Providencia,3,3,3 Dormitorios,False,True,False,False,False,False,0,True,20180420,991816,0,-33.43926250:-70.60086200,991816,1,9,1,9,2,,https://d2p3q1dbvr28tq.cloudfront.net/fotos/20180420/991816/n_wm_avsa_propiedades_512998_11586_20180319165357_terraza--small-.jpg,-33.4392625,-70.600862,20 fotos,97 m^2 | 106 m^2,0,0,0,0,50,185000000.0,$ 185.000.000,0.0,0,0,,13733/2018041202170614884.jpg,https://d2p3q1dbvr28tq.cloudfront.net/logos/corredora/13733/2018041202170614884.jpg,97.0,97.0,0.0,0.0,0.0,0.0,106.0,106.0,False,False,0,True,Venta,Bustos/ Los Leones,Bustos/ Los Leones,https://www.toctoc.com/propiedades/compracorredorasr/departamento/providencia/bustos-los-leones/991816
2,2,2 Baños,1000000,16,Providencia,3,3,3 Dormitorios,False,True,False,False,False,False,0,True,20180403,980500,0,-33.43293150:-70.60437670,980500,2,9,1,9,2,,https://d2p3q1dbvr28tq.cloudfront.net/fotos/20180403/980500/n_wm_arcos_propiedades_100175_175p.jpg,-33.4329315,-70.6043767,16 fotos,104 m^2,0,0,0,0,50,7400.0,UF 7.400,0.0,0,0,,11275/2017091553574573520.jpg,https://d2p3q1dbvr28tq.cloudfront.net/logos/corredora/11275/2017091553574573520.jpg,104.0,104.0,0.0,0.0,0.0,0.0,0.0,0.0,False,False,0,False,Venta,EL VERGEL / SUECIA,EL VERGEL / SUECIA,https://www.toctoc.com/propiedades/compracorredorasr/departamento/providencia/el-vergel-suecia/980500
2,2,2 Baños,1000000,9,Providencia,3,3,3 Dormitorios,False,True,True,False,False,False,0,True,20180405,981957,0,-33.43366270:-70.60193550,981957,2,9,1,9,2,,https://d2p3q1dbvr28tq.cloudfront.net/fotos/20180405/981957/n_wm_hob_102053860_102053860_9.jpg,-33.4336627,-70.6019355,9 fotos,115 m^2 | 125 m^2,0,0,0,0,50,6500.0,UF 6.500,0.0,0,0,,1306/hobbins.jpg,https://d2p3q1dbvr28tq.cloudfront.net/logos/corredora/1306/hobbins.jpg,115.0,115.0,0.0,0.0,0.0,0.0,125.0,125.0,False,False,0,True,Venta,POCURO,POCURO,https://www.toctoc.com/propiedades/compracorredorasr/departamento/providencia/pocuro/981957
2,2,2 Baños,1000000,23,Providencia,2,2,2 Dormitorios,False,True,True,False,False,False,0,True,20180427,999740,0,-33.43933772:-70.60026900,999740,2,9,1,9,2,,https://d2p3q1dbvr28tq.cloudfront.net/fotos/20180427/999740/n_wm_tpv_102054206_102054206_9.jpg,-33.43933772,-70.600269,23 fotos,"67,38 m^2 | 74,13 m^2",0,0,0,0,50,6800.0,UF 6.800,0.0,0,0,,1277/logo_tabancura_b.jpg,https://d2p3q1dbvr28tq.cloudfront.net/logos/corredora/1277/logo_tabancura_b.jpg,67.38,67.38,0.0,0.0,0.0,0.0,74.13,74.13,False,False,0,True,Venta,Bustos Av Bilbao,Bustos Av Bilbao,https://www.toctoc.com/propiedades/compracorredorasr/departamento/providencia/bustos-av-bilbao/999740
3,3,3 Baños,1000000,23,Providencia,4,4,4 Dormitorios,False,True,True,False,False,False,0,True,20180329,977704,0,-33.43452135:-70.60338020,977704,2,9,1,9,2,,https://d2p3q1dbvr28tq.cloudfront.net/fotos/20180329/977704/n_wm_fap_fap1529_fe225695-192a-4155-886b-ad26c084cf9a.jpg,-33.43452135,-70.6033802,23 fotos,113 m^2 | 121 m^2,0,0,0,0,50,8300.0,UF 8.300,0.0,0,0,,1300/2016050414189087341.jpg,https://d2p3q1dbvr28tq.cloudfront.net/logos/corredora/1300/2016050414189087341.jpg,113.0,113.0,0.0,0.0,0.0,0.0,121.0,121.0,False,False,0,False,Venta,Pocuro - METRO PARQUE INEZ DE SUAREZ,Pocuro - METRO PARQUE INEZ DE ...,https://www.toctoc.com/propiedades/compracorredorasr/departamento/providencia/pocuro-metro-parque-inez-de-suarez/977704
4,4,4 Baños,1000000,42,Providencia,2,2,2 Dormitorios,False,True,False,False,False,False,0,True,20171227,927727,0,-33.43219941:-70.60016155,927727,2,9,1,9,2,,https://d2p3q1dbvr28tq.cloudfront.net/fotos/20171227/927727/n_wm_acompropiedades_102001003_1003-102001003-1805123_38.jpg,-33.43219941,-70.60016155,42 fotos,16.479 m^2 | 16.505 m^2,0,0,0,0,50,12800.0,UF 12.800,0.0,0,0,,7006/2017050939125421368.jpg,https://d2p3q1dbvr28tq.cloudfront.net/logos/corredora/7006/2017050939125421368.jpg,16479.0,16479.0,0.0,0.0,0.0,0.0,16505.0,16505.0,False,False,0,True,Venta,HOLANDA / POCURO AÑO 2016 - 2 ESTACIONAMIENTOS,HOLANDA / POCURO AÑO 2016 - 2 ...,https://www.toctoc.com/propiedades/compracorredorasr/departamento/providencia/holanda-pocuro-ano-2016-2-estacionamientos/927727
3,3,3 Baños,1000000,30,Providencia,3,3,3 Dormitorios,False,True,False,False,False,False,0,True,20180228,960236,0,-33.43389947:-70.60292093,960236,2,9,1,9,2,,https://d2p3q1dbvr28tq.cloudfront.net/fotos/20180228/960236/n_wm_actrvpropiedades_102003358_3358-102003358-159337_17.jpg,-33.43389947,-70.60292093,30 fotos,130 m^2 | 135 m^2,0,0,0,0,50,8950.0,UF 8.950,0.0,0,0,,2736/2015050840210279522.jpg,https://d2p3q1dbvr28tq.cloudfront.net/logos/corredora/2736/2015050840210279522.jpg,130.0,130.0,0.0,0.0,0.0,0.0,135.0,135.0,False,False,0,False,Venta,LAS VIOLETAS - SUECIA,LAS VIOLETAS - SUECIA,https://www.toctoc.com/propiedades/compracorredorasr/departamento/providencia/las-violetas-suecia/960236
5,5,5 Baños,1000000,18,Providencia,6,6,6 Dormitorios,False,True,True,False,False,False,0,True,20180418,990244,0,-33.43260130:-70.60897030,990244,2,9,1,9,1,,https://d2p3q1dbvr28tq.cloudfront.net/fotos/20180418/990244/n_wm_viv_101054063_101054063_9.jpg,-33.4326013,-70.6089703,18 fotos,321 m^2 | 420 m^2,0,0,0,0,50,28000.0,UF 28.000,0.0,0,0,,1311/2016040653111769563.jpg,https://d2p3q1dbvr28tq.cloudfront.net/logos/corredora/1311/2016040653111769563.jpg,321.0,321.0,0.0,0.0,420.0,420.0,0.0,0.0,False,False,0,True,Venta,Plaza Pedro de Valdivia -- Comercial -,Plaza Pedro de Valdivia -- Com...,https://www.toctoc.com/propiedades/compracorredorasr/casa/providencia/plaza-pedro-de-valdivia-comercial/990244
2,2,2 Baños,1000000,17,Providencia,3,3,3 Dormitorios,False,True,True,False,False,False,0,True,20180322,973425,0,-33.43949460:-70.60116860,973425,2,9,1,9,2,,https://d2p3q1dbvr28tq.cloudfront.net/fotos/20180322/973425/n_wm_1a3bf313-c841-4825-af0e-6ef6b565eb0f_20180322_110816.jpg,-33.4394946,-70.6011686,17 fotos,97 m^2,0,0,0,0,50,7000.0,UF 7.000,0.0,0,0,,1404/Larruy.jpg,https://d2p3q1dbvr28tq.cloudfront.net/logos/corredora/1404/larruy.jpg,0.0,0.0,0.0,0.0,0.0,0.0,97.0,97.0,False,False,0,True,Venta,Bustos,Bustos,https://www.toctoc.com/propiedades/compracorredorasr/departamento/providencia/bustos/973425
2,2,2 Baños,1000000,20,Providencia,3,3,3 Dormitorios,False,True,False,False,False,False,0,True,20180312,966987,0,-33.43088840:-70.60730100,966987,2,9,1,9,2,,https://d2p3q1dbvr28tq.cloudfront.net/fotos/20180312/966987/n_wm_2a413eb1-e8da-490a-b7d2-c292c9fcd512_20180312_133423.jpg,-33.4308884,-70.607301,20 fotos,100 m^2 | 130 m^2,0,0,0,0,50,6309.0,UF 6.309,0.0,0,0,,9188/2017051117224407700.jpg,https://d2p3q1dbvr28tq.cloudfront.net/logos/corredora/9188/2017051117224407700.jpg,100.0,100.0,0.0,0.0,130.0,130.0,130.0,130.0,False,False,0,True,Venta,"Amplio Departameno 3D 2B 1E, 130mts2, Providencia","Amplio Departameno 3D 2B 1E, 1...",https://www.toctoc.com/propiedades/compracorredorasr/departamento/providencia/amplio-departameno-3d-2b-1e-130mts2-providencia/966987
2,2,2 Baños,1000000,18,Providencia,3,3,3 Dormitorios,False,True,True,False,False,False,0,True,20180423,995553,0,-33.43919010:-70.60351844,995553,2,9,1,9,2,,https://d2p3q1dbvr28tq.cloudfront.net/fotos/20180423/995553/n_wm_feg_feg2478_f563db54-5826-403f-b4d8-8575e0037acf.jpg,-33.4391901,-70.60351844,18 fotos,100 m^2 | 110 m^2,0,0,0,0,50,7900.0,UF 7.900,0.0,0,0,,1293/2016050416063021083.jpg,https://d2p3q1dbvr28tq.cloudfront.net/logos/corredora/1293/2016050416063021083.jpg,100.0,100.0,0.0,0.0,0.0,0.0,110.0,110.0,False,False,0,False,Venta,Metro Inés de Suárez - Ricardo Lyon,Metro Inés de Suárez - Ricardo...,https://www.toctoc.com/propiedades/compracorredorasr/departamento/providencia/metro-ines-de-suarez-ricardo-lyon/995553
2,2,2 Baños,1000000,13,Providencia,2,2,2 Dormitorios,False,True,False,False,False,False,0,True,20180411,985617,0,-33.43330370:-70.60241590,985617,2,9,1,9,2,,https://d2p3q1dbvr28tq.cloudfront.net/fotos/20180411/985617/n_wm_42cbdf4c-fb2c-436d-a213-a11f669cccd6_20180411_121025.jpg,-33.4333037,-70.6024159,13 fotos,65 m^2 | 72 m^2,0,0,0,0,50,6300.0,UF 6.300,0.0,0,0,,13344/2018031907179148859.jpg,https://d2p3q1dbvr28tq.cloudfront.net/logos/corredora/13344/2018031907179148859.jpg,65.0,65.0,0.0,0.0,0.0,0.0,72.0,72.0,False,False,0,True,Venta,Las Violetas,Las Violetas,https://www.toctoc.com/propiedades/compracorredorasr/departamento/providencia/las-violetas/985617
2,2,2 Baños,1000000,27,Providencia,3,3,3 Dormitorios,False,True,False,False,False,False,0,True,20180420,991810,0,-33.43081120:-70.60688580,991810,1,9,1,9,2,,https://d2p3q1dbvr28tq.cloudfront.net/fotos/20180420/991810/n_wm_avsa_propiedades_7474_11517_20180226123502_recibos---small-.jpg,-33.4308112,-70.6068858,27 fotos,120 m^2,0,0,0,0,50,160000000.0,$ 160.000.000,0.0,0,0,,13733/2018041202170614884.jpg,https://d2p3q1dbvr28tq.cloudfront.net/logos/corredora/13733/2018041202170614884.jpg,120.0,120.0,0.0,0.0,0.0,0.0,120.0,120.0,False,False,0,True,Venta,Eliodoro Yañez / Lyon,Eliodoro Yañez / Lyon,https://www.toctoc.com/propiedades/compracorredorasr/departamento/providencia/eliodoro-yanez-lyon/991810
0,0,,1000000,12,Providencia,0,0,,False,True,False,False,False,False,0,True,20180412,985820,0,-33.43720380:-70.60594800,985820,1,9,1,9,2,,https://d2p3q1dbvr28tq.cloudfront.net/fotos/20180412/985820/n_wm_73eb1aa3-0233-4570-bf9e-80173a9c73e2_20180412_021445.jpg,-33.4372038,-70.605948,12 fotos,95 m^2,0,0,0,0,50,260000000.0,$ 260.000.000,0.0,0,0,,11006/2308171735.jpg,https://d2p3q1dbvr28tq.cloudfront.net/logos/corredora/11006/2308171735.jpg,95.0,95.0,0.0,0.0,0.0,0.0,0.0,0.0,False,False,0,True,Venta,"Departamento con azotea privada, California Metro Ines de Suarez",Departamento con azotea privad...,https://www.toctoc.com/propiedades/compracorredorasr/departamento/providencia/departamento-con-azotea-privada-california-metro-ines-de-suarez/985820
2,2,2 Baños,1000000,14,Providencia,1,1,1 Dormitorios,False,True,False,False,False,False,0,True,20180316,969659,0,-33.43720380:-70.60594800,969659,1,9,1,9,2,,https://d2p3q1dbvr28tq.cloudfront.net/fotos/20180316/969659/n_wm_6d202819-a207-427b-b91c-06f8ab640097_20180316_160820.jpg,-33.4372038,-70.605948,14 fotos,95 m^2 | 110 m^2,0,0,0,0,50,260000000.0,$ 260.000.000,0.0,0,0,,11006/2308171735.jpg,https://d2p3q1dbvr28tq.cloudfront.net/logos/corredora/11006/2308171735.jpg,95.0,95.0,0.0,0.0,0.0,0.0,110.0,110.0,False,False,0,True,Venta,Amplio y luminoso departamento con vista en Plaza Ines de Suárez,Amplio y luminoso departamento...,https://www.toctoc.com/propiedades/compracorredorasr/departamento/providencia/amplio-y-luminoso-departamento-con-vista-en-plaza-ines-de-suarez/969659
2,2,2 Baños,1000000,21,Providencia,2,2,2 Dormitorios,False,True,False,False,False,False,0,True,20180415,988835,0,-33.43695664:-70.60586828,988835,2,9,1,9,2,,https://d2p3q1dbvr28tq.cloudfront.net/fotos/20180415/988835/n_wm_sitges_102005232_5232-102005232-1810443_4.jpg,-33.43695664,-70.60586828,21 fotos,"86,69 m^2 | 100,26 m^2",0,0,0,0,50,6990.0,UF 6.990,0.0,0,0,,10268/2017090615242986857.jpg,https://d2p3q1dbvr28tq.cloudfront.net/logos/corredora/10268/2017090615242986857.jpg,86.69,86.69,0.0,0.0,0.0,0.0,100.26,100.26,False,False,0,False,Venta,"!!! ESPECTACULAR DEPARTAMENTO, METRO INES DE SUAREZ, PROVIDENCIA !!!!","!!! ESPECTACULAR DEPARTAMENTO,...",https://www.toctoc.com/propiedades/compracorredorasr/departamento/providencia/espectacular-departamento-metro-ines-de-suarez-providencia/988835
3,3,3 Baños,1000000,20,Providencia,3,3,3 Dormitorios,False,True,False,False,False,False,0,True,20180420,992982,0,-33.43382420:-70.60350320,992982,1,9,1,9,2,,https://d2p3q1dbvr28tq.cloudfront.net/fotos/20180420/992982/n_wm_avsa_propiedades_512998_11361_20180105131928_recibos---small---2-.jpg,-33.4338242,-70.6035032,20 fotos,90 m^2,0,0,0,0,50,158000000.0,$ 158.000.000,0.0,0,0,,13733/2018041202170614884.jpg,https://d2p3q1dbvr28tq.cloudfront.net/logos/corredora/13733/2018041202170614884.jpg,90.0,90.0,0.0,0.0,0.0,0.0,90.0,90.0,False,False,0,True,Venta,Suecia/ Pocuro,Suecia/ Pocuro,https://www.toctoc.com/propiedades/compracorredorasr/departamento/providencia/suecia-pocuro/992982
3,3,3 Baños,1000000,20,Providencia,3,3,3 Dormitorios,False,True,False,False,False,False,0,True,20180420,992983,0,-33.43447970:-70.60563010,992983,2,9,1,9,2,,https://d2p3q1dbvr28tq.cloudfront.net/fotos/20180420/992983/n_wm_avsa_propiedades_7473_11353_20171227173755_recibos--small-.jpg,-33.4344797,-70.6056301,20 fotos,120 m^2 | 140 m^2,0,0,0,0,50,12800.0,UF 12.800,0.0,0,0,,13733/2018041202170614884.jpg,https://d2p3q1dbvr28tq.cloudfront.net/logos/corredora/13733/2018041202170614884.jpg,120.0,120.0,0.0,0.0,0.0,0.0,140.0,140.0,False,False,0,True,Venta,Pocuro / Ricardo Lyon,Pocuro / Ricardo Lyon,https://www.toctoc.com/propiedades/compracorredorasr/departamento/providencia/pocuro-ricardo-lyon/992983
3,3,3 Baños,1000000,19,Providencia,3,3,3 Dormitorios,False,True,True,False,False,False,0,True,20180402,979782,0,-33.43150814:-70.60554340,979782,2,9,1,9,2,,https://d2p3q1dbvr28tq.cloudfront.net/fotos/20180402/979782/n_wm_procasa_propiedades_89036300_30740_9.jpg,-33.43150814,-70.6055434,19 fotos,140 m^2,0,0,0,0,50,12000.0,UF 12.000,0.0,0,0,,1675/2015012051173517718.jpg,https://d2p3q1dbvr28tq.cloudfront.net/logos/corredora/1675/2015012051173517718.jpg,140.0,140.0,0.0,0.0,0.0,0.0,0.0,0.0,False,False,0,True,Venta,Eliodoro Yañez/Ricardo Lyon,Eliodoro Yañez/Ricardo Lyon,https://www.toctoc.com/propiedades/compracorredorasr/departamento/providencia/eliodoro-yanez-ricardo-lyon/979782
2,2,2 Baños,1000000,22,Las Condes,4,4,4 Dormitorios,False,True,False,False,False,False,0,True,20180320,971805,0,-33.42195926:-70.53993802,971805,2,9,1,9,2,,https://d2p3q1dbvr28tq.cloudfront.net/fotos/20180320/971805/n_wm_actrvpropiedades_102003400_3400-102003400-160306_2.jpg,-33.42195926,-70.53993802,22 fotos,109 m^2 | 130 m^2,0,0,0,0,50,9090.0,UF 9.090,0.0,0,0,,2736/2015050840210279522.jpg,https://d2p3q1dbvr28tq.cloudfront.net/logos/corredora/2736/2015050840210279522.jpg,109.0,109.0,0.0,0.0,0.0,0.0,130.0,130.0,False,False,0,False,Venta,VISVIRI / ALONSO DE CAMARGO,VISVIRI / ALONSO DE CAMARGO,https://www.toctoc.com/propiedades/compracorredorasr/departamento/las-condes/visviri-alonso-de-camargo/971805
2,2,2 Baños,1000000,27,Las Condes,2,2,2 Dormitorios,False,True,True,False,False,False,0,True,20180416,989458,0,-33.42625258:-70.53963727,989458,1,9,1,9,2,,https://d2p3q1dbvr28tq.cloudfront.net/fotos/20180416/989458/n_wm_amp_102054069_102054069_9.jpg,-33.42625258,-70.53963727,27 fotos,60 m^2 | 70 m^2,0,0,0,0,50,152000000.0,$ 152.000.000,0.0,0,0,,1305/2017103028439948039.jpg,https://d2p3q1dbvr28tq.cloudfront.net/logos/corredora/1305/2017103028439948039.jpg,60.0,60.0,0.0,0.0,0.0,0.0,70.0,70.0,False,False,0,True,Venta,PORTAL LA REINA,PORTAL LA REINA,https://www.toctoc.com/propiedades/compracorredorasr/departamento/las-condes/portal-la-reina/989458
0,0,,1000000,8,Las Condes,0,0,,False,True,True,False,False,False,0,True,20180315,968838,0,-33.42424630:-70.53715590,968838,1,9,1,9,1,,https://d2p3q1dbvr28tq.cloudfront.net/fotos/20180315/968838/n_wm_106878cd-119e-490d-90a3-ff85382ef74f_20180315_101140.jpg,-33.4242463,-70.5371559,8 fotos,140 m^2 | 230 m^2,0,0,0,0,50,218000000.0,$ 218.000.000,0.0,0,0,,8229/2017011256114069869.jpg,https://d2p3q1dbvr28tq.cloudfront.net/logos/corredora/8229/2017011256114069869.jpg,140.0,140.0,0.0,0.0,230.0,230.0,140.0,140.0,False,False,0,True,Venta,140 m2 / 230 terreno en Tranquilo Barrio a pasos de Portal La Reina,140 m2 / 230 terreno en Tranqu...,https://www.toctoc.com/propiedades/compracorredorasr/casa/las-condes/140-m2-230-terreno-en-tranquilo-barrio-a-pasos-de-portal-la-reina/968838
3,3,3 Baños,1000000,42,Las Condes,4,4,4 Dormitorios,False,True,True,False,False,False,0,True,20171123,907613,0,-33.42077100:-70.53906660,907613,2,9,1,9,2,,https://d2p3q1dbvr28tq.cloudfront.net/fotos/20171123/907613/n_wm_vupr_propiedades_a3if1000000uuw5eag.jpg,-33.420771,-70.5390666,42 fotos,120 m^2 | 140 m^2,0,0,0,0,50,8600.0,UF 8.600,0.0,0,0,,1736/2016032157438919071.jpg,https://d2p3q1dbvr28tq.cloudfront.net/logos/corredora/1736/2016032157438919071.jpg,120.0,120.0,0.0,0.0,0.0,0.0,140.0,140.0,False,False,0,True,Venta,Los Domínicos,Los Domínicos,https://www.toctoc.com/propiedades/compracorredorasr/departamento/las-condes/los-dominicos/907613
3,3,3 Baños,1000000,25,Las Condes,4,4,4 Dormitorios,False,True,True,False,False,False,0,True,20180402,979840,0,-33.42071190:-70.53904920,979840,2,9,1,9,2,,https://d2p3q1dbvr28tq.cloudfront.net/fotos/20180402/979840/n_wm_add7bb42913-59cc-4761-961d-e4512b273ed6_102129598_129598-102129598-315005_3.jpg,-33.4207119,-70.5390492,25 fotos,130 m^2 | 136 m^2,0,0,0,0,50,8500.0,UF 8.500,0.0,0,0,,8204/2017112107374942085.jpg,https://d2p3q1dbvr28tq.cloudfront.net/logos/corredora/8204/2017112107374942085.jpg,130.0,130.0,0.0,0.0,0.0,0.0,136.0,136.0,False,False,0,True,Venta,Padre Hurtado Sur // Alonso de Camargo,Padre Hurtado Sur // Alonso de...,https://www.toctoc.com/propiedades/compracorredorasr/departamento/las-condes/padre-hurtado-sur-alonso-de-camargo/979840
3,3,3 Baños,1000000,29,Las Condes,4,4,4 Dormitorios,False,True,True,False,False,False,0,True,20180321,972505,0,-33.42015760:-70.53899240,972505,2,9,1,9,2,,https://d2p3q1dbvr28tq.cloudfront.net/fotos/20180321/972505/n_wm_vld_102053689_102053689_9.jpg,-33.4201576,-70.5389924,29 fotos,124 m^2 | 134 m^2,0,0,0,0,50,9490.0,UF 9.490,0.0,0,0,,2756/2015102628552174440.jpg,https://d2p3q1dbvr28tq.cloudfront.net/logos/corredora/2756/2015102628552174440.jpg,124.0,124.0,0.0,0.0,0.0,0.0,134.0,134.0,False,False,0,True,Venta,ALONSO DE CAMARGO,ALONSO DE CAMARGO,https://www.toctoc.com/propiedades/compracorredorasr/departamento/las-condes/alonso-de-camargo/972505
2,2,2 Baños,1000000,32,Las Condes,3,3,3 Dormitorios,False,True,True,False,False,False,0,True,20180324,975661,0,-33.42039871:-70.53790283,975661,2,9,1,9,2,,https://d2p3q1dbvr28tq.cloudfront.net/fotos/20180324/975661/n_wm_soledadvidal_1516866_15-16866-197052.jpg,-33.42039871,-70.53790283,32 fotos,130 m^2 | 138 m^2,0,0,0,0,50,9200.0,UF 9.200,0.0,0,0,,1383/2016112822510754529.jpg,https://d2p3q1dbvr28tq.cloudfront.net/logos/corredora/1383/2016112822510754529.jpg,130.0,130.0,0.0,0.0,0.0,0.0,138.0,138.0,False,False,0,False,Venta,Padre Hurtado / Alonso de Camargo / Colon,Padre Hurtado / Alonso de Cama...,https://www.toctoc.com/propiedades/compracorredorasr/departamento/las-condes/padre-hurtado-alonso-de-camargo-colon/975661
5,5,5 Baños,1000000,13,Lo Barnechea,4,4,4 Dormitorios,False,True,True,False,False,False,0,True,20180108,933382,0,-33.32027024:-70.55582243,933382,2,9,1,9,1,,https://d2p3q1dbvr28tq.cloudfront.net/fotos/20180108/933382/n_wm_byas_propiedades_16166_20180102120056_3.jpg,-33.32027024,-70.55582243,13 fotos,220 m^2 | 420 m^2,0,0,0,0,50,16500.0,UF 16.500,0.0,0,0,,6175/2016101121437843220.jpg,https://d2p3q1dbvr28tq.cloudfront.net/logos/corredora/6175/2016101121437843220.jpg,220.0,220.0,0.0,0.0,420.0,420.0,0.0,0.0,False,False,0,True,Venta,Los Trapenses / Lo Barnechea,Los Trapenses / Lo Barnechea,https://www.toctoc.com/propiedades/compracorredorasr/casa/lo-barnechea/los-trapenses-lo-barnechea/933382
4,4,4 Baños,1000000,20,Las Condes,4,4,4 Dormitorios,False,True,True,False,False,False,0,True,20171019,886788,0,-33.43030126:-70.57345747,886788,2,9,1,9,2,,https://d2p3q1dbvr28tq.cloudfront.net/fotos/20171019/886788/n_wm_procasa_propiedades_88600900_26414_9.jpg,-33.43030126,-70.57345747,20 fotos,146 m^2,0,0,0,0,50,9879.0,UF 9.879,0.0,0,0,,1689/2015012127183163582.jpg,https://d2p3q1dbvr28tq.cloudfront.net/logos/corredora/1689/2015012127183163582.jpg,146.0,146.0,0.0,0.0,0.0,0.0,0.0,0.0,False,False,0,True,Venta,Av. Américo Vespucio/Victor Rae,Av. Américo Vespucio/Victor Ra...,https://www.toctoc.com/propiedades/compracorredorasr/departamento/las-condes/av-americo-vespucio-victor-rae/886788
5,5,5 Baños,1000000,28,Las Condes,4,4,4 Dormitorios,False,True,True,False,False,False,0,True,20180427,999694,0,-33.43015600:-70.57269000,999694,2,9,1,9,2,,https://d2p3q1dbvr28tq.cloudfront.net/fotos/20180427/999694/n_wm_remax1028049_l_fa38373f341147c38e749d992d833c41_ilist.jpg,-33.430156,-70.57269,28 fotos,130 m^2 | 145 m^2,0,0,0,0,50,9325.0,UF 9.325,0.0,0,0,,10238/2017110911369142567.jpg,https://d2p3q1dbvr28tq.cloudfront.net/logos/corredora/10238/2017110911369142567.jpg,130.0,130.0,0.0,0.0,0.0,0.0,145.0,145.0,False,False,0,True,Venta,"Depto Semi-Nuevo, Impecable","Depto Semi-Nuevo, Impecable",https://www.toctoc.com/propiedades/compracorredorasr/departamento/las-condes/depto-semi-nuevo-impecable/999694
1,1,1 Baños,1000000,42,La Reina,3,3,3 Dormitorios,False,True,False,False,False,False,0,True,20180417,989528,0,-33.43547715:-70.57757025,989528,2,9,1,9,1,,https://d2p3q1dbvr28tq.cloudfront.net/fotos/20180417/989528/n_wm_mimica_propiedades_101129655_129655-101129655-319240_22.jpg,-33.43547715,-70.57757025,42 fotos,122 m^2 | 169 m^2,0,0,0,0,50,10350.0,UF 10.350,0.0,0,0,,2687/2014090346581414151.jpg,https://d2p3q1dbvr28tq.cloudfront.net/logos/corredora/2687/2014090346581414151.jpg,122.0,122.0,0.0,0.0,169.0,169.0,0.0,0.0,False,False,0,False,Venta,"Country Club , Grange School","Country Club , Grange School",https://www.toctoc.com/propiedades/compracorredorasr/casa/la-reina/country-club-grange-school/989528
2,2,2 Baños,1000000,13,Las Condes,2,2,2 Dormitorios,False,True,True,False,False,False,0,True,20180314,968315,0,-33.42646920:-70.53901330,968315,2,9,1,9,2,,https://d2p3q1dbvr28tq.cloudfront.net/fotos/20180314/968315/n_wm_ca0e3c56-9f54-455c-89bc-0ad101f3595b_20180314_141346.jpg,-33.4264692,-70.5390133,13 fotos,66 m^2,0,0,0,0,50,5260.0,UF 5.260,0.0,0,0,,9059/2017040349326089100.jpg,https://d2p3q1dbvr28tq.cloudfront.net/logos/corredora/9059/2017040349326089100.jpg,66.0,66.0,0.0,0.0,0.0,0.0,66.0,66.0,False,False,0,True,Venta,Padre Hurtado Sur - Mall,Padre Hurtado Sur - Mall,https://www.toctoc.com/propiedades/compracorredorasr/departamento/las-condes/padre-hurtado-sur-mall/968315
2,2,2 Baños,1000000,8,Las Condes,3,3,3 Dormitorios,False,True,False,False,False,False,0,True,20180412,985999,0,-33.42646920:-70.53901330,985999,2,9,1,9,2,,https://d2p3q1dbvr28tq.cloudfront.net/fotos/20180412/985999/n_wm_75c8bec1-6bcc-4aa1-924d-ae321d025063_20180412_180310.jpg,-33.4264692,-70.5390133,8 fotos,77 m^2,0,0,0,0,50,5750.0,UF 5.750,0.0,0,0,,13344/2018031907179148859.jpg,https://d2p3q1dbvr28tq.cloudfront.net/logos/corredora/13344/2018031907179148859.jpg,77.0,77.0,0.0,0.0,0.0,0.0,0.0,0.0,False,False,0,True,Venta,Depto Venta Padre Hurtado,Depto Venta Padre Hurtado,https://www.toctoc.com/propiedades/compracorredorasr/departamento/las-condes/depto-venta-padre-hurtado/985999
2,2,2 Baños,1000000,40,Las Condes,3,3,3 Dormitorios,False,True,False,False,False,False,0,True,20180228,959902,0,-33.42383110:-70.53993260,959902,2,9,1,9,2,,https://d2p3q1dbvr28tq.cloudfront.net/fotos/20180228/959902/n_wm_actrvpropiedades_102003357_3357-102003357-159306_39.jpg,-33.4238311,-70.5399326,40 fotos,105 m^2 | 110 m^2,0,0,0,0,50,7500.0,UF 7.500,0.0,0,0,,2736/2015050840210279522.jpg,https://d2p3q1dbvr28tq.cloudfront.net/logos/corredora/2736/2015050840210279522.jpg,105.0,105.0,0.0,0.0,0.0,0.0,110.0,110.0,False,False,0,False,Venta,Visviri / Alejandro Fleming,Visviri / Alejandro Fleming,https://www.toctoc.com/propiedades/compracorredorasr/departamento/las-condes/visviri-alejandro-fleming/959902
3,3,3 Baños,1000000,37,Las Condes,4,4,4 Dormitorios,False,True,True,False,False,False,0,True,20180314,968067,0,-33.42071190:-70.53904920,968067,2,9,1,9,2,,https://d2p3q1dbvr28tq.cloudfront.net/fotos/20180314/968067/n_wm_cys_102053601_102053601_9.jpg,-33.4207119,-70.5390492,37 fotos,112 m^2 | 127 m^2,0,0,0,0,50,7800.0,UF 7.800,0.0,0,0,,6255/2016051113061503530.jpg,https://d2p3q1dbvr28tq.cloudfront.net/logos/corredora/6255/2016051113061503530.jpg,112.0,112.0,0.0,0.0,0.0,0.0,127.0,127.0,False,False,0,True,Venta,ALONSO DE CAMARGO / VIVIRRI,ALONSO DE CAMARGO / VIVIRRI,https://www.toctoc.com/propiedades/compracorredorasr/departamento/las-condes/alonso-de-camargo-vivirri/968067
2,2,2 Baños,1000000,22,Las Condes,3,3,3 Dormitorios,False,True,True,False,False,False,0,True,20180423,995566,0,-33.42574926:-70.53834051,995566,1,9,1,9,2,,https://d2p3q1dbvr28tq.cloudfront.net/fotos/20180423/995566/n_wm_flr_flr1193_e0e7c9e3-56b7-4d35-b5d6-1e3d8a894e2b.jpg,-33.42574926,-70.53834051,22 fotos,75 m^2 | 80 m^2,0,0,0,0,50,175000000.0,$ 175.000.000,0.0,0,0,,1282/2016050418337902589.jpg,https://d2p3q1dbvr28tq.cloudfront.net/logos/corredora/1282/2016050418337902589.jpg,75.0,75.0,0.0,0.0,0.0,0.0,80.0,80.0,False,False,0,False,Venta,Portal La Reina-Ciudad Deportiva - BILBAO-FLEMING,Portal La Reina-Ciudad Deporti...,https://www.toctoc.com/propiedades/compracorredorasr/departamento/las-condes/portal-la-reina-ciudad-deportiva-bilbao-fleming/995566
3,3,3 Baños,1000000,16,Las Condes,3,3,3 Dormitorios,False,True,True,False,False,False,0,True,20180418,990303,0,-33.42356399:-70.53996385,990303,1,9,1,9,2,,https://d2p3q1dbvr28tq.cloudfront.net/fotos/20180418/990303/n_wm_flr_flr1189_ff507a61-b468-46b6-ba64-7af22c838fb5.jpg,-33.42356399,-70.53996385,16 fotos,106 m^2 | 125 m^2,0,0,0,0,50,192000000.0,$ 192.000.000,0.0,0,0,,1282/2016050418337902589.jpg,https://d2p3q1dbvr28tq.cloudfront.net/logos/corredora/1282/2016050418337902589.jpg,106.0,106.0,0.0,0.0,0.0,0.0,125.0,125.0,False,False,0,False,Venta,Portal La Reina-Ciudad Deportiva - Mall Los Domini,Portal La Reina-Ciudad Deporti...,https://www.toctoc.com/propiedades/compracorredorasr/departamento/las-condes/portal-la-reina-ciudad-deportiva-mall-los-domini/990303
2,2,2 Baños,1000000,28,La Reina,2,2,2 Dormitorios,False,True,False,False,False,False,0,True,20180310,965862,0,-33.43855992:-70.57083992,965862,2,9,1,9,2,,https://d2p3q1dbvr28tq.cloudfront.net/fotos/20180310/965862/n_wm_actrvpropiedades_102003378_3378-102003378-159829_4.jpg,-33.43855992,-70.57083992,28 fotos,46 m^2 | 54 m^2,0,0,0,0,50,5450.0,UF 5.450,0.0,0,0,,2736/2015050840210279522.jpg,https://d2p3q1dbvr28tq.cloudfront.net/logos/corredora/2736/2015050840210279522.jpg,46.0,46.0,0.0,0.0,0.0,0.0,54.0,54.0,False,False,0,False,Venta,PRÍNCIPE DE GALES,PRÍNCIPE DE GALES,https://www.toctoc.com/propiedades/compracorredorasr/departamento/la-reina/principe-de-gales/965862
3,3,3 Baños,1000000,29,Ñuñoa,4,4,4 Dormitorios,False,True,True,False,False,False,0,True,20180317,969912,0,-33.43681120:-70.57868990,969912,2,9,1,9,2,,https://d2p3q1dbvr28tq.cloudfront.net/fotos/20180317/969912/n_wm_remaxgroup_102159040_159040-102159040-149172_29.jpg,-33.4368112,-70.5786899,29 fotos,100 m^2 | 109 m^2,0,0,0,0,50,6890.0,UF 6.890,0.0,0,0,,6230/2016033053126387237.jpg,https://d2p3q1dbvr28tq.cloudfront.net/logos/corredora/6230/2016033053126387237.jpg,100.0,100.0,0.0,0.0,0.0,0.0,109.0,109.0,False,False,0,False,Venta,san juan de luz 4940,san juan de luz 4940,https://www.toctoc.com/propiedades/compracorredorasr/departamento/nunoa/san-juan-de-luz-4940/969912
2,2,2 Baños,1000000,10,Las Condes,3,3,3 Dormitorios,False,True,False,False,False,False,0,True,20180404,981474,0,-33.42113880:-70.53974050,981474,2,9,1,9,2,,https://d2p3q1dbvr28tq.cloudfront.net/fotos/20180404/981474/n_wm_9fdf8906-0e99-4e8c-a9a3-8bd7b98653fe_20180404_140119.jpg,-33.4211388,-70.5397405,10 fotos,77 m^2,0,0,0,0,50,6200.0,UF 6.200,0.0,0,0,,13344/2018031907179148859.jpg,https://d2p3q1dbvr28tq.cloudfront.net/logos/corredora/13344/2018031907179148859.jpg,77.0,77.0,0.0,0.0,0.0,0.0,0.0,0.0,False,False,0,True,Venta,DEPTO LAS CONDES CORDILLERA,DEPTO LAS CONDES CORDILLERA,https://www.toctoc.com/propiedades/compracorredorasr/departamento/las-condes/depto-las-condes-cordillera/981474
3,3,3 Baños,1000000,24,Lo Barnechea,3,3,3 Dormitorios,False,True,True,False,False,False,0,True,20180412,986137,0,-33.35352069:-70.47972212,986137,2,9,1,9,1,,https://d2p3q1dbvr28tq.cloudfront.net/fotos/20180412/986137/n_wm_procasa_propiedades_76265833_30846_9.jpg,-33.35352069,-70.47972212,24 fotos,240 m^2 | 730 m^2,0,0,0,0,50,22000.0,UF 22.000,0.0,0,0,,2703/2015031757349607255.jpg,https://d2p3q1dbvr28tq.cloudfront.net/logos/corredora/2703/2015031757349607255.jpg,240.0,240.0,0.0,0.0,730.0,730.0,0.0,0.0,False,False,0,True,Venta,El Arrayan / Camino el Refugio del Arrayán/Camino El Cerro,El Arrayan / Camino el Refugio...,https://www.toctoc.com/propiedades/compracorredorasr/casa/lo-barnechea/el-arrayan-camino-el-refugio-del-arrayan-camino-el-cerro/986137
3,3,3 Baños,1000000,28,Lo Barnechea,3,3,3 Dormitorios,False,True,True,False,False,False,0,True,20180412,986138,0,-33.35352069:-70.47972212,986138,2,9,1,9,1,,https://d2p3q1dbvr28tq.cloudfront.net/fotos/20180412/986138/n_wm_procasa_propiedades_76265833_30856_9.jpg,-33.35352069,-70.47972212,28 fotos,240 m^2 | 591 m^2,0,0,0,0,50,21000.0,UF 21.000,0.0,0,0,,2703/2015031757349607255.jpg,https://d2p3q1dbvr28tq.cloudfront.net/logos/corredora/2703/2015031757349607255.jpg,240.0,240.0,0.0,0.0,591.0,591.0,0.0,0.0,False,False,0,True,Venta,Camino el Refugio del Arrayán/Camino El Cerro,Camino el Refugio del Arrayán/...,https://www.toctoc.com/propiedades/compracorredorasr/casa/lo-barnechea/camino-el-refugio-del-arrayan-camino-el-cerro/986138
3,3,3 Baños,1000000,26,Lo Barnechea,3,3,3 Dormitorios,False,True,True,False,False,False,0,True,20180406,983691,0,-33.35352069:-70.47972212,983691,2,9,1,9,1,,https://d2p3q1dbvr28tq.cloudfront.net/fotos/20180406/983691/n_wm_procasa_propiedades_76265833_30848_9.jpg,-33.35352069,-70.47972212,26 fotos,240 m^2 | 689 m^2,0,0,0,0,50,21000.0,UF 21.000,0.0,0,0,,2703/2015031757349607255.jpg,https://d2p3q1dbvr28tq.cloudfront.net/logos/corredora/2703/2015031757349607255.jpg,240.0,240.0,0.0,0.0,689.0,689.0,0.0,0.0,False,False,0,False,Venta,Camino el Refugio del Arrayán/Camino El Cerro,Camino el Refugio del Arrayán/...,https://www.toctoc.com/propiedades/compracorredorasr/casa/lo-barnechea/camino-el-refugio-del-arrayan-camino-el-cerro/983691
1,1,1 Baños,1000000,18,Ñuñoa,3,3,3 Dormitorios,False,True,True,False,False,False,0,True,20180403,980713,0,-33.43961090:-70.57773770,980713,2,9,1,9,1,,https://d2p3q1dbvr28tq.cloudfront.net/fotos/20180403/980713/n_wm_ridz_propiedades_2180_2180r.jpg,-33.4396109,-70.5777377,18 fotos,120 m^2 | 230 m^2,0,0,0,0,50,8990.0,UF 8.990,0.0,0,0,,1928/2018031316392531212.JPG,https://d2p3q1dbvr28tq.cloudfront.net/logos/corredora/1928/2018031316392531212.jpg,120.0,120.0,0.0,0.0,230.0,230.0,0.0,0.0,False,False,0,False,Venta,HAMBURGO/LA VERBENA,HAMBURGO/LA VERBENA,https://www.toctoc.com/propiedades/compracorredorasr/casa/nunoa/hamburgo-la-verbena/980713
2,2,2 Baños,1000000,16,Las Condes,2,2,2 Dormitorios,False,True,True,False,False,False,0,True,20180427,999727,0,-33.43075300:-70.57522200,999727,1,9,1,9,2,,https://d2p3q1dbvr28tq.cloudfront.net/fotos/20180427/999727/n_wm_remax1028018_l_fc874c9df75d4be595f708a08925fc6d_ilist.jpg,-33.430753,-70.575222,16 fotos,73 m^2,0,0,0,0,50,145000000.0,$ 145.000.000,0.0,0,0,,6237/2016033014100302871.jpg,https://d2p3q1dbvr28tq.cloudfront.net/logos/corredora/6237/2016033014100302871.jpg,73.0,73.0,0.0,0.0,0.0,0.0,73.0,73.0,False,False,0,True,Venta,Departamento 2 dormitorios excelente ubicación.,Departamento 2 dormitorios exc...,https://www.toctoc.com/propiedades/compracorredorasr/departamento/las-condes/departamento-2-dormitorios-excelente-ubicacion/999727
2,2,2 Baños,1000000,16,Ñuñoa,2,2,2 Dormitorios,False,True,True,False,False,False,0,True,20180403,980712,0,-33.43989610:-70.57779090,980712,2,9,1,9,1,,https://d2p3q1dbvr28tq.cloudfront.net/fotos/20180403/980712/n_wm_ridz_propiedades_2179_2179p.jpg,-33.4398961,-70.5777909,16 fotos,100 m^2 | 220 m^2,0,0,0,0,50,8490.0,UF 8.490,0.0,0,0,,1928/2018031316392531212.JPG,https://d2p3q1dbvr28tq.cloudfront.net/logos/corredora/1928/2018031316392531212.jpg,100.0,100.0,0.0,0.0,220.0,220.0,0.0,0.0,False,False,0,False,Venta,HAMBURGO / ÑUÑOA,HAMBURGO / ÑUÑOA,https://www.toctoc.com/propiedades/compracorredorasr/casa/nunoa/hamburgo-nunoa/980712
2,2,2 Baños,1000000,20,Providencia,3,3,3 Dormitorios,False,True,False,False,False,False,0,True,20180420,992979,0,-33.41895760:-70.60392350,992979,1,9,1,9,2,,https://d2p3q1dbvr28tq.cloudfront.net/fotos/20180420/992979/n_wm_avsa_propiedades_512998_11408_20180119172219_terraza--small-.jpg,-33.4189576,-70.6039235,20 fotos,95 m^2 | 105 m^2,0,0,0,0,50,176000000.0,$ 176.000.000,0.0,0,0,,13733/2018041202170614884.jpg,https://d2p3q1dbvr28tq.cloudfront.net/logos/corredora/13733/2018041202170614884.jpg,95.0,95.0,0.0,0.0,0.0,0.0,105.0,105.0,False,False,0,True,Venta,Av. Providencia/ Av. Holanda,Av. Providencia/ Av. Holanda,https://www.toctoc.com/propiedades/compracorredorasr/departamento/providencia/av-providencia-av-holanda/992979
4,4,4 Baños,1000000,37,Lo Barnechea,4,4,4 Dormitorios,False,True,False,False,False,False,0,True,20171225,927169,0,-33.35322239:-70.47997646,927169,2,9,1,9,1,,https://d2p3q1dbvr28tq.cloudfront.net/fotos/20171225/927169/n_wm_mimica_propiedades_101129526_129526-101129526-316064_10.jpg,-33.35322239,-70.47997646,37 fotos,238 m^2 | 437 m^2,0,0,0,0,50,20500.0,UF 20.500,0.0,0,0,,2687/2014090346581414151.jpg,https://d2p3q1dbvr28tq.cloudfront.net/logos/corredora/2687/2014090346581414151.jpg,238.0,238.0,0.0,0.0,437.0,437.0,0.0,0.0,False,False,0,False,Venta,"Exclusivo Condominio con 9 casas disponibles, desde uf 18.500 a uf 22.000. Vista natural única, cercano a la Plaza San Enrique y Costanera Norte en Lo",Exclusivo Condominio con 9 cas...,https://www.toctoc.com/propiedades/compracorredorasr/casa/lo-barnechea/exclusivo-condominio-con-9-casas-disponibles-desde-uf-18-500-a-uf-22-000-vista-natural-unica-cercano/927169
3,3,3 Baños,1000000,29,Lo Barnechea,3,3,3 Dormitorios,False,True,True,False,False,False,0,True,20180406,983692,0,-33.35344003:-70.47984014,983692,2,9,1,9,1,,https://d2p3q1dbvr28tq.cloudfront.net/fotos/20180406/983692/n_wm_procasa_propiedades_76265833_30858_9.jpg,-33.35344003,-70.47984014,29 fotos,240 m^2 | 751 m^2,0,0,0,0,50,22000.0,UF 22.000,0.0,0,0,,2703/2015031757349607255.jpg,https://d2p3q1dbvr28tq.cloudfront.net/logos/corredora/2703/2015031757349607255.jpg,240.0,240.0,0.0,0.0,751.0,751.0,0.0,0.0,False,False,0,True,Venta,Camino el Refugio del Arrayán/Camino El Cerro,Camino el Refugio del Arrayán/...,https://www.toctoc.com/propiedades/compracorredorasr/casa/lo-barnechea/camino-el-refugio-del-arrayan-camino-el-cerro/983692
3,3,3 Baños,1000000,26,Lo Barnechea,3,3,3 Dormitorios,False,True,True,False,False,False,0,True,20180406,983693,0,-33.35346692:-70.47995815,983693,2,9,1,9,1,,https://d2p3q1dbvr28tq.cloudfront.net/fotos/20180406/983693/n_wm_procasa_propiedades_76265833_30859_9.jpg,-33.35346692,-70.47995815,26 fotos,240 m^2 | 488 m^2,0,0,0,0,50,19500.0,UF 19.500,0.0,0,0,,2703/2015031757349607255.jpg,https://d2p3q1dbvr28tq.cloudfront.net/logos/corredora/2703/2015031757349607255.jpg,240.0,240.0,0.0,0.0,488.0,488.0,0.0,0.0,False,False,0,True,Venta,Camino el Refugio del Arrayán/Camino El Cerro,Camino el Refugio del Arrayán/...,https://www.toctoc.com/propiedades/compracorredorasr/casa/lo-barnechea/camino-el-refugio-del-arrayan-camino-el-cerro/983693
4,4,4 Baños,1000000,45,Lo Barnechea,6,6,6 Dormitorios,False,True,False,False,False,False,0,True,20171204,917024,0,-33.35300560:-70.47593550,917024,2,9,1,9,1,,https://d2p3q1dbvr28tq.cloudfront.net/fotos/20171204/917024/n_wm_remaxhome_101160986_160986-101160986-152171_30.jpg,-33.3530056,-70.4759355,45 fotos,377 m^2 | 2.200 m^2,0,0,0,0,50,25000.0,UF 25.000,0.0,0,0,,6238/2017092653033031360.jpg,https://d2p3q1dbvr28tq.cloudfront.net/logos/corredora/6238/2017092653033031360.jpg,377.0,377.0,0.0,0.0,2200.0,2200.0,0.0,0.0,False,False,0,False,Venta,Las Acacias con Camino El Cajon,Las Acacias con Camino El Cajo...,https://www.toctoc.com/propiedades/compracorredorasr/casa/lo-barnechea/las-acacias-con-camino-el-cajon/917024
2,2,2 Baños,1000000,16,Las Condes,3,3,3 Dormitorios,False,True,True,False,False,False,0,True,20180421,993178,0,-33.41054350:-70.60179390,993178,2,9,1,9,2,,https://d2p3q1dbvr28tq.cloudfront.net/fotos/20180421/993178/n_wm_mitani_propiedades_102011551_11551-102011551_9.jpg,-33.4105435,-70.6017939,16 fotos,80 m^2 | 95 m^2,0,0,0,0,50,6500.0,UF 6.500,0.0,0,0,,1442/logo_mitani.jpg,https://d2p3q1dbvr28tq.cloudfront.net/logos/corredora/1442/logo_mitani.jpg,80.0,80.0,0.0,0.0,0.0,0.0,95.0,95.0,False,False,0,False,Venta,Luz con Presidente Riesco,Luz con Presidente Riesco,https://www.toctoc.com/propiedades/compracorredorasr/departamento/las-condes/luz-con-presidente-riesco/993178
1,1,1 Baños,1000000,23,Las Condes,1,1,1 Dormitorios,False,True,True,False,False,False,0,True,20180409,984322,0,-33.41496390:-70.60298370,984322,1,9,1,9,2,,https://d2p3q1dbvr28tq.cloudfront.net/fotos/20180409/984322/n_wm_amp_102053920_102053920_9.jpg,-33.4149639,-70.6029837,23 fotos,40 m^2 | 44 m^2,0,0,0,0,50,125000000.0,$ 125.000.000,0.0,0,0,,1305/2017103028439948039.jpg,https://d2p3q1dbvr28tq.cloudfront.net/logos/corredora/1305/2017103028439948039.jpg,40.0,40.0,0.0,0.0,0.0,0.0,44.0,44.0,False,False,0,True,Venta,SECTOR ISIDORA GOYENECHEA - EBRO,SECTOR ISIDORA GOYENECHEA - EB...,https://www.toctoc.com/propiedades/compracorredorasr/departamento/las-condes/sector-isidora-goyenechea-ebro/984322
0,0,,1000000,6,Las Condes,0,0,,False,True,True,False,False,False,0,True,20180117,938356,0,-33.41521310:-70.60053010,938356,2,9,1,9,2,,https://d2p3q1dbvr28tq.cloudfront.net/fotos/20180117/938356/n_wm_9cbfe609-feae-429d-90cf-77a173a7d87d_26696379_10155466809327408_803604040_n.jpg,-33.4152131,-70.6005301,6 fotos,63 m^2,0,0,0,0,50,5000.0,UF 5.000,0.0,0,0,,11210/2017090800126564856.jpg,https://d2p3q1dbvr28tq.cloudfront.net/logos/corredora/11210/2017090800126564856.jpg,63.0,63.0,0.0,0.0,63.0,63.0,63.0,63.0,False,False,0,True,Venta,OPORTUNIDAD!!!!  ! 1 DORMITORIO 1 1/2 ! EXCELENTE SECTOR EL GOLF,OPORTUNIDAD!!!!  ! 1 DORMITORI...,https://www.toctoc.com/propiedades/compracorredorasr/departamento/las-condes/oportunidad-1-dormitorio-1-1-2-excelente-sector-el-golf/938356
0,0,,1000000,11,Las Condes,0,0,,False,True,False,False,False,False,0,True,20180424,996939,0,-33.41049360:-70.60155540,996939,1,9,1,9,2,,https://d2p3q1dbvr28tq.cloudfront.net/fotos/20180424/996939/n_wm_518a6bd1-1753-447c-bec1-1978ed02130d_20180424_120315.jpg,-33.4104936,-70.6015554,11 fotos,"55,5 m^2 | 72,24 m^2",0,0,0,0,50,800000.0,$ 800.000,0.0,0,0,,8444/2017021659271140198.jpg,https://d2p3q1dbvr28tq.cloudfront.net/logos/corredora/8444/2017021659271140198.jpg,55.5,55.5,0.0,0.0,72.24,72.24,0.0,0.0,False,False,0,True,Venta,En arriendo: cómodo y elegante departamento totalmente amoblado en El Golf-Las Condes,En arriendo: cómodo y elegante...,https://www.toctoc.com/propiedades/compracorredorasr/departamento/las-condes/en-arriendo-comodo-y-elegante-departamento-totalmente-amoblado-en-el-golf-las-condes/996939
2,2,2 Baños,1000000,12,Las Condes,2,2,2 Dormitorios,False,True,True,False,False,False,0,True,20171228,928181,0,-33.41335580:-70.60204980,928181,1,9,1,9,2,,https://d2p3q1dbvr28tq.cloudfront.net/fotos/20171228/928181/n_wm_4c40e0a8-7736-47d8-9682-816fd295e0bf_img-20171228-wa0032.jpg,-33.4133558,-70.6020498,12 fotos,84 m^2,0,0,0,0,50,198000000.0,$ 198.000.000,0.0,0,0,,9059/2017040349326089100.jpg,https://d2p3q1dbvr28tq.cloudfront.net/logos/corredora/9059/2017040349326089100.jpg,84.0,84.0,0.0,0.0,0.0,0.0,0.0,0.0,False,False,0,True,Venta,Luz sector Presidente Riesco,Luz sector Presidente Riesco,https://www.toctoc.com/propiedades/compracorredorasr/departamento/las-condes/luz-sector-presidente-riesco/928181
4,4,4 Baños,1000000,15,Providencia,5,5,5 Dormitorios,False,True,True,False,False,False,0,True,20180215,952108,0,-33.41601482:-70.60959577,952108,2,9,1,9,1,,https://d2p3q1dbvr28tq.cloudfront.net/fotos/20180215/952108/n_wm_agp_101053186_101053186_1.jpg,-33.41601482,-70.60959577,15 fotos,223 m^2 | 400 m^2,0,0,0,0,50,20000.0,UF 20.000,0.0,0,0,,1298/2015030455565043972.jpg,https://d2p3q1dbvr28tq.cloudfront.net/logos/corredora/1298/2015030455565043972.jpg,223.0,223.0,0.0,0.0,400.0,400.0,0.0,0.0,False,False,0,True,Venta,El Cerro/,El Cerro/,https://www.toctoc.com/propiedades/compracorredorasr/casa/providencia/el-cerro/952108
3,3,3 Baños,1000000,29,Lo Barnechea,3,3,3 Dormitorios,False,True,True,False,False,False,0,True,20180402,979764,0,-33.35312801:-70.47913561,979764,2,9,1,9,1,,https://d2p3q1dbvr28tq.cloudfront.net/fotos/20180402/979764/n_wm_procasa_propiedades_76265833_30757_9.jpg,-33.35312801,-70.47913561,29 fotos,240 m^2 | 475 m^2,0,0,0,0,50,17500.0,UF 17.500,0.0,0,0,,2703/2015031757349607255.jpg,https://d2p3q1dbvr28tq.cloudfront.net/logos/corredora/2703/2015031757349607255.jpg,240.0,240.0,0.0,0.0,475.0,475.0,0.0,0.0,False,False,0,True,Venta,Camino el Refugio del Arrayán/Camino El Cerro,Camino el Refugio del Arrayán/...,https://www.toctoc.com/propiedades/compracorredorasr/casa/lo-barnechea/camino-el-refugio-del-arrayan-camino-el-cerro/979764
3,3,3 Baños,1000000,26,Lo Barnechea,3,3,3 Dormitorios,False,True,True,False,False,False,0,True,20180412,986139,0,-33.35349380:-70.47992597,986139,2,9,1,9,1,,https://d2p3q1dbvr28tq.cloudfront.net/fotos/20180412/986139/n_wm_procasa_propiedades_76265833_30860_9.jpg,-33.3534938,-70.47992597,26 fotos,240 m^2 | 675 m^2,0,0,0,0,50,21000.0,UF 21.000,0.0,0,0,,2703/2015031757349607255.jpg,https://d2p3q1dbvr28tq.cloudfront.net/logos/corredora/2703/2015031757349607255.jpg,240.0,240.0,0.0,0.0,675.0,675.0,0.0,0.0,False,False,0,True,Venta,El Arrayan / Camino el Refugio del Arrayán/Camino El Cerro,El Arrayan / Camino el Refugio...,https://www.toctoc.com/propiedades/compracorredorasr/casa/lo-barnechea/el-arrayan-camino-el-refugio-del-arrayan-camino-el-cerro/986139
3,3,3 Baños,1000000,26,Lo Barnechea,3,3,3 Dormitorios,False,True,True,False,False,False,0,True,20180409,984376,0,-33.35343107:-70.47988305,984376,2,9,1,9,1,,https://d2p3q1dbvr28tq.cloudfront.net/fotos/20180409/984376/n_wm_procasa_propiedades_76265833_30857_9.jpg,-33.35343107,-70.47988305,26 fotos,240 m^2 | 437 m^2,0,0,0,0,50,20500.0,UF 20.500,0.0,0,0,,2703/2015031757349607255.jpg,https://d2p3q1dbvr28tq.cloudfront.net/logos/corredora/2703/2015031757349607255.jpg,240.0,240.0,0.0,0.0,437.0,437.0,0.0,0.0,False,False,0,False,Venta,Camino el Refugio del Arrayán/Camino El Cerro,Camino el Refugio del Arrayán/...,https://www.toctoc.com/propiedades/compracorredorasr/casa/lo-barnechea/camino-el-refugio-del-arrayan-camino-el-cerro/984376
0,0,,1000000,25,Lo Barnechea,0,0,,False,True,False,False,False,False,0,True,20180320,971729,0,-33.32156270:-70.55136830,971729,2,9,1,9,1,,https://d2p3q1dbvr28tq.cloudfront.net/fotos/20180320/971729/n_wm_d0f51165-5136-4bb6-ae20-692a68a21f99_20180320_130220.jpg,-33.3215627,-70.5513683,25 fotos,327 m^2 | 838 m^2,0,0,0,0,50,25900.0,UF 25.900,0.0,0,0,,7631/2016110216143103821.jpg,https://d2p3q1dbvr28tq.cloudfront.net/logos/corredora/7631/2016110216143103821.jpg,327.0,327.0,0.0,0.0,838.0,838.0,0.0,0.0,False,False,0,True,Venta,Venta casa Santuario del Valle / Lo Barnechea,Venta casa Santuario del Valle...,https://www.toctoc.com/propiedades/compracorredorasr/casa/lo-barnechea/venta-casa-santuario-del-valle-lo-barnechea/971729
4,4,4 Baños,1000000,15,Lo Barnechea,4,4,4 Dormitorios,False,True,True,False,False,False,0,True,20180404,981448,0,-33.32516960:-70.55108790,981448,2,9,1,9,1,,https://d2p3q1dbvr28tq.cloudfront.net/fotos/20180404/981448/n_wm_cb3c58d6-3508-4251-8939-b57e2d06950f_20180404_120039.jpg,-33.3251696,-70.5510879,15 fotos,200 m^2 | 900 m^2,0,0,0,0,50,21500.0,UF 21.500,0.0,0,0,,6303/2016061740318305856.jpg,https://d2p3q1dbvr28tq.cloudfront.net/logos/corredora/6303/2016061740318305856.jpg,200.0,200.0,0.0,0.0,900.0,900.0,0.0,0.0,False,False,0,False,Venta,Camino Real,Camino Real,https://www.toctoc.com/propiedades/compracorredorasr/casa/lo-barnechea/camino-real/981448
4,4,4 Baños,1000000,41,Lo Barnechea,5,5,5 Dormitorios,False,True,False,False,False,False,0,True,20180408,984170,0,-33.32155630:-70.55578620,984170,2,9,1,9,1,,https://d2p3q1dbvr28tq.cloudfront.net/fotos/20180408/984170/n_wm_d4aacd08-9abb-4188-984c-f386aeda9e1e_20180408_221251.jpg,-33.3215563,-70.5557862,41 fotos,284 m^2 | 1.100 m^2,0,0,0,0,50,26000.0,UF 26.000,0.0,0,0,,7631/2016110216143103821.jpg,https://d2p3q1dbvr28tq.cloudfront.net/logos/corredora/7631/2016110216143103821.jpg,284.0,284.0,0.0,0.0,1100.0,1100.0,284.0,284.0,False,False,0,True,Venta,Venta casa La Huala / Lo Barnechea,Venta casa La Huala / Lo Barne...,https://www.toctoc.com/propiedades/compracorredorasr/casa/lo-barnechea/venta-casa-la-huala-lo-barnechea/984170
3,3,3 Baños,1000000,38,Lo Barnechea,3,3,3 Dormitorios,False,True,False,False,False,False,0,True,20180329,978926,0,-33.35919000:-70.52347000,978926,2,9,1,9,2,,https://d2p3q1dbvr28tq.cloudfront.net/fotos/20180329/978926/n_wm_kolbach_propiedades_3935966_zzabblfqj2e_w1200.jpg,-33.35919,-70.52347,38 fotos,190 m^2,0,0,0,0,50,14900.0,UF 14.900,0.0,0,0,,1910/2014050729073775604.jpg,https://d2p3q1dbvr28tq.cloudfront.net/logos/corredora/1910/2014050729073775604.jpg,0.0,0.0,0.0,0.0,0.0,0.0,190.0,190.0,False,False,0,False,Venta,El Tranque Duplex  4 est.,El Tranque Duplex  4 est.,https://www.toctoc.com/propiedades/compracorredorasr/departamento/lo-barnechea/el-tranque-duplex-4-est/978926
4,4,4 Baños,1000000,38,Lo Barnechea,5,5,5 Dormitorios,False,True,True,False,False,False,0,True,20180414,987611,0,-33.35747857:-70.52111933,987611,2,9,1,9,1,,https://d2p3q1dbvr28tq.cloudfront.net/fotos/20180414/987611/n_wm_vie_101054031_101054031_9.jpg,-33.35747857,-70.52111933,38 fotos,210 m^2 | 316 m^2,0,0,0,0,50,17000.0,UF 17.000,0.0,0,0,,1312/VIEL LA DEHESA.jpg,https://d2p3q1dbvr28tq.cloudfront.net/logos/corredora/1312/viel la dehesa.jpg,210.0,210.0,0.0,0.0,316.0,316.0,0.0,0.0,False,False,0,True,Venta,AVENIDA LA DEHESA CON EL PORTAL,AVENIDA LA DEHESA CON EL PORTA...,https://www.toctoc.com/propiedades/compracorredorasr/casa/lo-barnechea/avenida-la-dehesa-con-el-portal/987611
3,3,3 Baños,1000000,29,Lo Barnechea,3,3,3 Dormitorios,False,True,True,False,False,False,0,True,20180223,958126,0,-33.35959918:-70.52140217,958126,2,9,1,9,2,,https://d2p3q1dbvr28tq.cloudfront.net/fotos/20180223/958126/n_wm_procasa_propiedades_76265833_29766_9.jpg,-33.35959918,-70.52140217,29 fotos,170 m^2,0,0,0,0,50,12990.0,UF 12.990,0.0,0,0,,2703/2015031757349607255.jpg,https://d2p3q1dbvr28tq.cloudfront.net/logos/corredora/2703/2015031757349607255.jpg,170.0,170.0,0.0,0.0,0.0,0.0,0.0,0.0,False,False,0,True,Venta,Av La Dehesa / Av El Tranque/Los Cactus / El Rodeo,Av La Dehesa / Av El Tranque/L...,https://www.toctoc.com/propiedades/compracorredorasr/departamento/lo-barnechea/av-la-dehesa-av-el-tranque-los-cactus-el-rodeo/958126
4,4,4 Baños,1000000,15,Lo Barnechea,4,4,4 Dormitorios,False,True,True,False,False,False,0,True,20180112,935588,0,-33.35325765:-70.52148747,935588,2,9,1,9,1,,https://d2p3q1dbvr28tq.cloudfront.net/fotos/20180112/935588/n_wm_fa196998-7ac9-43c8-91e6-59703cd6c27e_1.jpg,-33.35325765,-70.52148747,15 fotos,250 m^2 | 2.000 m^2,0,0,0,0,50,23590.0,UF 23.590,0.0,0,0,,6303/2016061740318305856.jpg,https://d2p3q1dbvr28tq.cloudfront.net/logos/corredora/6303/2016061740318305856.jpg,250.0,250.0,0.0,0.0,2000.0,2000.0,0.0,0.0,False,False,0,True,Venta,Dehesa Central,Dehesa Central,https://www.toctoc.com/propiedades/compracorredorasr/casa/lo-barnechea/dehesa-central/935588
2,2,2 Baños,1000000,20,Lo Barnechea,3,3,3 Dormitorios,False,True,True,False,False,False,0,True,20180412,986627,0,-33.35959940:-70.52133780,986627,2,9,1,9,2,,https://d2p3q1dbvr28tq.cloudfront.net/fotos/20180412/986627/n_wm_vrp_102054010_102054010_9.jpg,-33.3595994,-70.5213378,20 fotos,145 m^2 | 230 m^2,0,0,0,0,50,14970.0,UF 14.970,0.0,0,0,,1310/VIDAL RIEDEL.jpg,https://d2p3q1dbvr28tq.cloudfront.net/logos/corredora/1310/vidal riedel.jpg,145.0,145.0,0.0,0.0,0.0,0.0,230.0,230.0,False,False,0,True,Venta,EL Tranque,EL Tranque,https://www.toctoc.com/propiedades/compracorredorasr/departamento/lo-barnechea/el-tranque/986627
3,3,3 Baños,1000000,15,Lo Barnechea,5,5,5 Dormitorios,False,True,True,False,False,False,0,True,20180322,973410,0,-33.35163880:-70.52948950,973410,2,9,1,9,1,,https://d2p3q1dbvr28tq.cloudfront.net/fotos/20180322/973410/n_wm_71485ed0-6eee-45b1-9dde-cf30d51e01d4_20180322_102429.jpg,-33.3516388,-70.5294895,15 fotos,211 m^2 | 488 m^2,0,0,0,0,50,15500.0,UF 15.500,0.0,0,0,,9059/2017040349326089100.jpg,https://d2p3q1dbvr28tq.cloudfront.net/logos/corredora/9059/2017040349326089100.jpg,211.0,211.0,0.0,0.0,488.0,488.0,0.0,0.0,False,False,0,True,Venta,Frente de la Clinica Alemana - La Dehesa,Frente de la Clinica Alemana -...,https://www.toctoc.com/propiedades/compracorredorasr/casa/lo-barnechea/frente-de-la-clinica-alemana-la-dehesa/973410
3,3,3 Baños,1000000,22,Lo Barnechea,3,3,3 Dormitorios,False,True,True,False,False,False,0,True,20180311,966748,0,-33.32355600:-70.55778600,966748,2,9,1,9,1,,https://d2p3q1dbvr28tq.cloudfront.net/fotos/20180311/966748/n_wm_berriosyzegers_propiedades_101030493_30493-101030493-860463_10.jpg,-33.323556,-70.557786,22 fotos,180 m^2 | 600 m^2,0,0,0,0,50,25000.0,UF 25.000,0.0,0,0,,1599/2015110457515329922.jpg,https://d2p3q1dbvr28tq.cloudfront.net/logos/corredora/1599/2015110457515329922.jpg,180.0,180.0,0.0,0.0,600.0,600.0,0.0,0.0,False,False,0,False,Venta,Lo Barnechea,Lo Barnechea,https://www.toctoc.com/propiedades/compracorredorasr/casa/lo-barnechea/lo-barnechea/966748
4,4,4 Baños,1000000,36,Lo Barnechea,4,4,4 Dormitorios,False,True,True,False,False,False,0,True,20180226,959021,0,-33.32096632:-70.55917854,959021,2,9,1,9,1,,https://d2p3q1dbvr28tq.cloudfront.net/fotos/20180226/959021/n_wm_propertypartners_327876747977_609166-9352649-eb-bh9166.jpeg,-33.32096632,-70.55917854,36 fotos,260 m^2 | 940 m^2,0,0,0,0,50,20800.0,UF 20.800,0.0,0,0,,8209/2017040708041031356.jpg,https://d2p3q1dbvr28tq.cloudfront.net/logos/corredora/8209/2017040708041031356.jpg,260.0,260.0,0.0,0.0,940.0,940.0,0.0,0.0,False,False,0,False,Venta,Los Bravos,Los Bravos,https://www.toctoc.com/propiedades/compracorredorasr/casa/lo-barnechea/los-bravos/959021
5,5,5 Baños,1000000,30,Lo Barnechea,4,4,4 Dormitorios,False,True,True,False,False,False,0,True,20180415,988839,0,-33.32421510:-70.55271350,988839,2,9,1,9,1,,https://d2p3q1dbvr28tq.cloudfront.net/fotos/20180415/988839/n_wm_vie_101054065_101054065_9.jpg,-33.3242151,-70.5527135,30 fotos,400 m^2 | 838 m^2,0,0,0,0,50,32800.0,UF 32.800,0.0,0,0,,1312/VIEL LA DEHESA.jpg,https://d2p3q1dbvr28tq.cloudfront.net/logos/corredora/1312/viel la dehesa.jpg,400.0,400.0,0.0,0.0,838.0,838.0,0.0,0.0,False,False,0,True,Venta,CONDOMINIO / COLEGIO EVEREST - MONTE TABOR,CONDOMINIO / COLEGIO EVEREST -...,https://www.toctoc.com/propiedades/compracorredorasr/casa/lo-barnechea/condominio-colegio-everest-monte-tabor/988839
3,3,3 Baños,1000000,15,Lo Barnechea,5,5,5 Dormitorios,False,True,True,False,False,False,0,True,20180403,980891,0,-33.35435710:-70.52864100,980891,2,9,1,9,1,,https://d2p3q1dbvr28tq.cloudfront.net/fotos/20180403/980891/n_wm_a96ad5e3-8299-48f1-83ba-720ecddc1efb_20180403_130304.jpg,-33.3543571,-70.528641,15 fotos,247 m^2 | 488 m^2,0,0,0,0,50,15500.0,UF 15.500,0.0,0,0,,6303/2016061740318305856.jpg,https://d2p3q1dbvr28tq.cloudfront.net/logos/corredora/6303/2016061740318305856.jpg,247.0,247.0,0.0,0.0,488.0,488.0,0.0,0.0,False,False,0,False,Venta,Dehesa Central,Dehesa Central,https://www.toctoc.com/propiedades/compracorredorasr/casa/lo-barnechea/dehesa-central/980891
2,2,2 Baños,1000000,16,Lo Barnechea,4,4,4 Dormitorios,False,True,False,False,False,False,0,True,20180427,1000184,0,-33.35139170:-70.52082650,1000184,2,9,1,9,1,,https://d2p3q1dbvr28tq.cloudfront.net/fotos/20180427/1000184/n_wm_64a3f207-538d-4222-8327-e43a0134550e_20180427_171750.jpg,-33.3513917,-70.5208265,16 fotos,168 m^2 | 330 m^2,0,0,0,0,50,13600.0,UF 13.600,0.0,0,0,,11998/2017112352414256868.jpg,https://d2p3q1dbvr28tq.cloudfront.net/logos/corredora/11998/2017112352414256868.jpg,168.0,168.0,0.0,0.0,330.0,330.0,0.0,0.0,False,False,0,True,Venta,CAMINO VIRREY / CLUB MEDICO. OPTIMA NIÑOS.,CAMINO VIRREY / CLUB MEDICO. O...,https://www.toctoc.com/propiedades/compracorredorasr/casa/lo-barnechea/camino-virrey-club-medico-optima-ninos/1000184
3,3,3 Baños,1000000,12,Lo Barnechea,3,3,3 Dormitorios,False,True,True,False,False,False,0,True,20171227,927851,0,-33.35959940:-70.52133780,927851,2,9,1,9,2,,https://d2p3q1dbvr28tq.cloudfront.net/fotos/20171227/927851/n_wm_realtycorp_102030069_30069-102030069-6161_2.jpg,-33.3595994,-70.5213378,12 fotos,141 m^2 | 171 m^2,0,0,0,0,50,12990.0,UF 12.990,0.0,0,0,,1409/2015080701482685533.jpg,https://d2p3q1dbvr28tq.cloudfront.net/logos/corredora/1409/2015080701482685533.jpg,141.0,141.0,0.0,0.0,0.0,0.0,171.0,171.0,False,False,0,True,Venta,Mall La Dehesa,Mall La Dehesa,https://www.toctoc.com/propiedades/compracorredorasr/departamento/lo-barnechea/mall-la-dehesa/927851
4,4,4 Baños,1000000,25,Lo Barnechea,5,5,5 Dormitorios,False,True,True,False,False,False,0,True,20180405,982222,0,-33.35163880:-70.52948950,982222,2,9,1,9,1,,https://d2p3q1dbvr28tq.cloudfront.net/fotos/20180405/982222/s_wm_http://s.toctoc.com/fotos/20180405/982221/n_wm_30fab12a-6d72-4f1c-bdd6-f6cdedc66b45_20180405_192103.jpg,-33.3516388,-70.5294895,25 fotos,211 m^2 | 488 m^2,0,0,0,0,50,15500.0,UF 15.500,0.0,0,0,,8229/2017011256114069869.jpg,https://d2p3q1dbvr28tq.cloudfront.net/logos/corredora/8229/2017011256114069869.jpg,211.0,211.0,0.0,0.0,488.0,488.0,0.0,0.0,False,False,0,True,Venta,Amplia y Luminosa con Excelente distribución Interior,Amplia y Luminosa con Excelent...,https://www.toctoc.com/propiedades/compracorredorasr/casa/lo-barnechea/amplia-y-luminosa-con-excelente-distribucion-interior/982222
3,3,3 Baños,1000000,16,Lo Barnechea,2,2,2 Dormitorios,False,True,True,False,False,False,0,True,20180415,988840,0,-33.35180619:-70.52412444,988840,2,9,1,9,1,,https://d2p3q1dbvr28tq.cloudfront.net/fotos/20180415/988840/n_wm_vie_101043185_101043185_9.jpg,-33.35180619,-70.52412444,16 fotos,240 m^2 | 1.180 m^2,0,0,0,0,50,25000.0,UF 25.000,0.0,0,0,,1312/VIEL LA DEHESA.jpg,https://d2p3q1dbvr28tq.cloudfront.net/logos/corredora/1312/viel la dehesa.jpg,240.0,240.0,0.0,0.0,1180.0,1180.0,0.0,0.0,False,False,0,True,Venta,CAMINO CENTRAL,CAMINO CENTRAL,https://www.toctoc.com/propiedades/compracorredorasr/casa/lo-barnechea/camino-central/988840
3,3,3 Baños,1000000,38,Providencia,3,3,3 Dormitorios,False,True,True,False,False,False,0,True,20180120,939649,0,-33.43601600:-70.60182300,939649,2,9,1,9,2,,https://d2p3q1dbvr28tq.cloudfront.net/fotos/20180120/939649/n_wm_engel_volkers_propiedades_864257_1541263_ec343f5febd0ac43e22a14753e7fc67e082d6541.jpg,-33.436016,-70.601823,38 fotos,"178,8 m^2 | 244,16 m^2",0,0,0,0,50,16000.0,UF 16.000,0.0,0,0,,5975/2015090737485316637.jpg,https://d2p3q1dbvr28tq.cloudfront.net/logos/corredora/5975/2015090737485316637.jpg,178.8,178.8,0.0,0.0,0.0,0.0,244.16,244.16,False,False,0,False,Venta,Espectacular penthouse remodelado,Espectacular penthouse remodel...,https://www.toctoc.com/propiedades/compracorredorasr/departamento/providencia/espectacular-penthouse-remodelado/939649
3,3,3 Baños,1000000,22,Providencia,4,4,4 Dormitorios,False,True,True,False,False,False,0,True,20180329,977876,0,-33.43357800:-70.60247800,977876,2,9,1,9,2,,https://d2p3q1dbvr28tq.cloudfront.net/fotos/20180329/977876/n_wm_nieny_propiedades_40018811_211412.jpg,-33.433578,-70.602478,22 fotos,149 m^2 | 190 m^2,0,0,0,0,50,12000.0,UF 12.000,0.0,0,0,,1605/2017061240363726179.jpg,https://d2p3q1dbvr28tq.cloudfront.net/logos/corredora/1605/2017061240363726179.jpg,149.0,149.0,0.0,0.0,0.0,0.0,190.0,190.0,False,False,0,True,Venta,Holanda con El Vergel,Holanda con El Vergel,https://www.toctoc.com/propiedades/compracorredorasr/departamento/providencia/holanda-con-el-vergel/977876
2,2,2 Baños,1000000,26,Providencia,3,3,3 Dormitorios,False,True,False,False,False,False,0,True,20180409,984307,0,-33.43364711:-70.60044240,984307,1,9,1,9,2,,https://d2p3q1dbvr28tq.cloudfront.net/fotos/20180409/984307/n_wm_procasa_propiedades_76393197_30807_9.jpg,-33.43364711,-70.6004424,26 fotos,125 m^2,0,0,0,0,50,223000000.0,$ 223.000.000,0.0,0,0,,8917/2017040310260788748.jpg,https://d2p3q1dbvr28tq.cloudfront.net/logos/corredora/8917/2017040310260788748.jpg,125.0,125.0,0.0,0.0,0.0,0.0,0.0,0.0,False,False,0,True,Venta,los leones/pocuro,los leones/pocuro,https://www.toctoc.com/propiedades/compracorredorasr/departamento/providencia/los-leones-pocuro/984307
